match_id,period,player_id,player_name,player_position,team_shortname,x_start,y_start,x_end,y_end,start_zone,end_zone,game_state,ruptura_sin_opcion,intento_pared,desmarque_dentro_fuera,desmarque_fuera_dentro,desmarque_por_delante,desmarque_profundidad,desmarque_profundidad_completado,desmarque_profundidad_centro,desmarque_profundidad_centro_completado,desmarque_profundidad_fuera,desmarque_profundidad_fuera_completado
2047793,1,36739,C. Medina,LM,Estudiantes,-11.77,15.15,0.94,27.72,7,7,drawing,0,0,0,0,0,0,0,0,0,0,0
2047793,1,13084,S. Ascacíbar,RM,Estudiantes,-7.79,-7.38,-4.78,-17.88,9,9,drawing,0,0,0,0,0,0,0,0,0,0,0
2047793,1,812900,R. Gómez,RB,Estudiantes,-9.4,-29.37,-5.17,-29.59,10,10,drawing,0,0,0,0,0,0,0,0,0,0,0
2047793,1,812900,R. Gómez,RB,Estudiantes,-4.54,-29.67,2.35,-31.0,10,15,drawing,0,0,0,0,1,0,0,0,0,0,0
2047793,1,58765,T. Palacios,RW,Estudiantes,5.3,-18.34,21.45,-31.89,14,15,drawing,0,0,1,0,1,0,0,0,0,0,0
2047793,1,13084,S. Ascacíbar,RM,Estudiantes,1.73,-22.61,4.68,-25.94,15,15,drawing,0,1,0,0,0,0,0,0,0,0,0
2047793,1,13084,S. Ascacíbar,RM,Estudiantes,5.01,-26.22,25.96,-19.76,15,15,drawing,0,0,0,0,0,0,0,0,0,0,0
2047793,1,4110,G. Carrillo,CF,Estudiantes,16.94,-16.78,36.35,-16.24,14,19,drawing,0,0,0,0,0,0,0,0,0,0,0
2047793,1,35564,G. Rojas,LB,Racing Club,-27.72,4.64,-19.7,-1.01,3,8,drawing,0,0,0,0,0,0,0,0,0,0,0
2047793,1,38142,A. Martínez,CF,Racing Club,-34.39,-3.56,-20.61,-1.42,4,8,drawing,0,0,0,0,0,0,0,0,0,0,0
2047793,1,35671,D. Vergara,LF,Racing Club,-16.83,16.98,6.81,31.81,7,11,drawing,0,0,0,0,0,1,1,0,0,1,1
2047793,1,528888,S. Solari,RF,Racing Club,-23.34,10.36,1.7,32.19,8,11,drawing,0,0,0,0,0,0,0,0,0,0,0
2047793,1,528888,S. Solari,RF,Racing Club,10.15,33.85,21.03,34.41,11,11,drawing,0,0,0,0,0,0,0,0,0,0,0
2047793,1,38142,A. Martínez,CF,Racing Club,13.46,0.86,29.43,-1.19,13,18,drawing,0,0,0,0,0,0,0,0,0,0,0
2047793,1,35671,D. Vergara,LF,Racing Club,14.75,29.33,19.18,26.06,11,12,drawing,0,0,0,1,0,0,0,0,0,0,0
2047793,1,528888,S. Solari,RF,Racing Club,31.51,7.36,33.1,-1.22,18,18,drawing,0,0,0,0,0,0,0,0,0,0,0
2047793,1,25949,E. Cetré,LW,Estudiantes,-25.54,31.68,-21.15,33.08,1,6,drawing,0,0,0,0,0,0,0,0,0,0,0
2047793,1,25949,E. Cetré,LW,Estudiantes,-20.59,33.14,-6.25,29.0,6,7,drawing,0,0,0,0,1,1,1,0,0,1,1
2047793,1,4110,G. Carrillo,CF,Estudiantes,-10.88,18.72,-14.64,21.44,7,7,drawing,0,0,0,0,0,0,0,0,0,0,0
2047793,1,58765,T. Palacios,RW,Estudiantes,-19.18,12.47,-7.75,15.73,8,7,drawing,0,0,0,0,0,0,0,0,0,0,0
2047793,1,25949,E. Cetré,LW,Estudiantes,-5.26,28.55,6.91,25.08,7,12,drawing,0,1,0,0,0,1,0,0,0,1,0
2047793,1,812900,R. Gómez,RB,Estudiantes,-19.42,-10.67,-15.64,-17.01,9,9,drawing,0,0,0,0,0,0,0,0,0,0,0
2047793,1,13084,S. Ascacíbar,RM,Estudiantes,-14.68,-5.31,-9.57,-18.62,9,9,drawing,0,0,1,0,0,0,0,0,0,0,0
2047793,1,4110,G. Carrillo,CF,Estudiantes,11.38,-6.88,17.65,-19.79,14,15,drawing,0,0,1,0,0,1,0,1,0,0,0
2047793,1,812900,R. Gómez,RB,Estudiantes,15.13,-26.88,18.16,-27.15,15,15,drawing,0,1,0,0,0,0,0,0,0,0,0
2047793,1,4110,G. Carrillo,CF,Estudiantes,26.1,-4.01,23.84,-7.42,14,14,drawing,0,0,0,0,0,0,0,0,0,0,0
2047793,1,4110,G. Carrillo,CF,Estudiantes,1.5,6.8,5.66,-1.33,13,13,drawing,0,0,0,0,0,1,0,1,0,0,0
2047793,1,36739,C. Medina,LM,Estudiantes,4.78,25.75,-2.01,31.09,12,6,drawing,0,0,0,0,0,0,0,0,0,0,0
2047793,1,58765,T. Palacios,RW,Estudiantes,35.63,-19.5,38.96,-14.01,20,19,drawing,1,1,0,0,0,1,0,1,0,0,0
2047793,1,26252,J. Nardoni,RM,Racing Club,-3.78,-13.53,-15.83,-7.42,9,9,drawing,0,0,1,0,0,0,0,0,0,0,0
2047793,1,28677,N. Colombo,RCB,Racing Club,-21.08,-25.93,-25.04,-24.35,10,10,drawing,0,0,0,0,0,0,0,0,0,0,0
2047793,1,28747,E. Almendra,LM,Racing Club,-0.58,18.08,-7.27,21.68,7,7,drawing,0,0,0,0,0,0,0,0,0,0,0
2047793,1,28755,F. Mura,RB,Racing Club,6.0,-34.4,18.25,-32.21,15,15,drawing,0,0,0,0,0,1,0,0,0,1,0
2047793,1,26252,J. Nardoni,RM,Racing Club,8.56,-17.04,12.82,-19.58,14,15,drawing,0,0,0,0,0,0,0,0,0,0,0
2047793,1,528888,S. Solari,RF,Racing Club,15.17,0.64,15.32,9.94,13,13,drawing,0,0,0,0,0,0,0,0,0,0,0
2047793,1,35564,G. Rojas,LB,Racing Club,22.24,32.96,27.52,31.44,11,16,drawing,0,0,0,0,0,1,0,0,0,1,0
2047793,1,528888,S. Solari,RF,Racing Club,22.44,6.6,21.14,14.55,13,12,drawing,0,0,0,0,0,0,0,0,0,0,0
2047793,1,28755,F. Mura,RB,Racing Club,5.42,-28.8,25.67,-31.0,15,15,drawing,0,0,0,0,0,0,0,0,0,0,0
2047793,1,528888,S. Solari,RF,Racing Club,26.24,6.35,33.04,3.58,13,18,drawing,1,0,0,0,0,1,0,1,0,0,0
2047793,1,38142,A. Martínez,CF,Racing Club,37.04,-17.05,43.79,-8.36,19,19,drawing,0,0,0,1,0,0,0,0,0,0,0
2047793,1,528888,S. Solari,RF,Racing Club,41.81,-1.18,43.92,-3.61,18,19,drawing,0,0,0,0,0,0,0,0,0,0,0
2047793,1,58765,T. Palacios,RW,Estudiantes,13.65,-22.16,22.13,-23.53,15,15,drawing,0,0,0,0,0,1,0,0,0,1,0
2047793,1,4110,G. Carrillo,CF,Estudiantes,8.28,-18.02,37.19,-20.21,14,20,drawing,0,0,1,0,0,1,1,0,0,1,1
2047793,1,13084,S. Ascacíbar,RM,Estudiantes,26.47,-5.65,36.86,-1.49,14,18,drawing,0,0,0,0,0,0,0,0,0,0,0
2047793,1,36739,C. Medina,LM,Estudiantes,32.39,-11.59,34.3,-20.47,19,20,drawing,0,0,0,0,0,0,0,0,0,0,0
2047793,1,35671,D. Vergara,LF,Racing Club,-29.96,27.33,-24.6,30.81,2,6,drawing,0,0,1,0,0,0,0,0,0,0,0
2047793,1,28755,F. Mura,RB,Racing Club,-19.58,-14.44,-22.97,-19.23,9,9,drawing,0,0,0,0,0,0,0,0,0,0,0
2047793,1,528888,S. Solari,RF,Racing Club,12.66,11.64,7.22,-12.84,13,14,drawing,0,0,0,0,0,0,0,0,0,0,0
2047793,1,58765,T. Palacios,RW,Estudiantes,11.6,-31.84,7.58,-32.48,15,15,drawing,0,0,0,0,0,0,0,0,0,0,0
2047793,1,28615,E. Piovi,DM,Estudiantes,5.83,5.0,2.34,-17.41,13,14,drawing,0,0,0,0,0,0,0,0,0,0,0
2047793,1,812900,R. Gómez,RB,Estudiantes,21.46,-16.46,21.68,-24.13,14,15,drawing,0,0,1,0,0,0,0,0,0,0,0
2047793,1,58765,T. Palacios,RW,Estudiantes,7.12,-22.26,8.72,-12.32,15,14,drawing,0,0,0,1,1,0,0,0,0,0,0
2047793,1,58765,T. Palacios,RW,Estudiantes,9.6,-3.86,11.94,4.68,14,13,drawing,0,0,0,0,0,0,0,0,0,0,0
2047793,1,36739,C. Medina,LM,Estudiantes,-0.02,12.4,2.63,21.61,8,12,drawing,0,1,0,1,0,0,0,0,0,0,0
2047793,1,36739,C. Medina,LM,Estudiantes,2.77,22.07,11.64,25.16,12,12,drawing,0,0,0,0,0,0,0,0,0,0,0
2047793,1,528888,S. Solari,RF,Racing Club,11.76,-28.66,9.52,-23.88,15,15,drawing,0,0,0,0,0,0,0,0,0,0,0
2047793,1,28677,N. Colombo,RCB,Racing Club,-14.33,3.77,-19.24,-1.45,8,8,drawing,0,0,0,0,0,0,0,0,0,0,0
2047793,1,28677,N. Colombo,RCB,Racing Club,-20.55,-2.98,-23.64,-15.09,8,9,drawing,0,0,0,0,0,0,0,0,0,0,0
2047793,1,35564,G. Rojas,LB,Racing Club,-6.23,5.18,1.97,7.02,8,13,drawing,0,0,0,1,0,0,0,0,0,0,0
2047793,1,38142,A. Martínez,CF,Racing Club,22.21,-8.36,29.22,8.83,14,18,drawing,1,0,1,0,0,0,0,0,0,0,0
2047793,1,35564,G. Rojas,LB,Racing Club,2.54,7.14,31.84,16.32,13,17,drawing,1,0,1,0,0,1,0,1,0,0,0
2047793,1,528888,S. Solari,RF,Racing Club,20.17,-24.32,33.75,-22.1,15,20,drawing,0,0,0,0,0,0,0,0,0,0,0
2047793,1,131530,S. Núñez,RCB,Estudiantes,-22.62,-7.01,-29.4,-11.78,9,4,drawing,0,0,0,0,0,0,0,0,0,0,0
2047793,1,36728,S. Sosa,DM,Racing Club,-3.58,16.46,-9.12,12.83,7,8,drawing,0,0,0,0,0,0,0,0,0,0,0
2047793,1,528888,S. Solari,RF,Racing Club,18.76,-13.93,25.1,-15.56,14,14,drawing,0,0,0,0,0,0,0,0,0,0,0
2047793,1,26252,J. Nardoni,RM,Racing Club,10.88,-9.72,14.15,-13.33,14,14,drawing,0,0,0,0,0,0,0,0,0,0,0
2047793,1,28755,F. Mura,RB,Racing Club,17.87,-24.85,24.45,-24.07,15,15,drawing,0,0,1,0,0,0,0,0,0,0,0
2047793,1,25949,E. Cetré,LW,Estudiantes,5.97,28.76,39.24,19.33,12,17,drawing,0,0,0,0,0,1,1,1,1,0,0
2047793,1,58765,T. Palacios,RW,Estudiantes,-0.04,-9.18,23.12,-9.67,9,14,drawing,0,0,1,0,0,0,0,0,0,0,0
2047793,1,36739,C. Medina,LM,Estudiantes,27.49,18.56,34.8,16.23,17,17,drawing,0,1,0,0,0,0,0,0,0,0,0
2047793,1,58765,T. Palacios,RW,Estudiantes,23.82,-9.65,41.64,-6.65,14,19,drawing,0,0,0,0,0,0,0,0,0,0,0
2047793,1,35671,D. Vergara,LF,Racing Club,-3.41,24.82,1.83,28.04,7,12,drawing,0,0,0,0,0,0,0,0,0,0,0
2047793,1,28747,E. Almendra,LM,Racing Club,-10.45,7.78,1.78,12.78,8,13,drawing,0,0,0,0,0,0,0,0,0,0,0
2047793,1,35564,G. Rojas,LB,Racing Club,-19.56,13.62,38.14,25.21,7,17,drawing,0,0,1,0,0,0,0,0,0,0,0
2047793,1,38142,A. Martínez,CF,Racing Club,-3.13,-13.6,41.25,0.98,9,18,drawing,0,0,0,0,0,1,0,1,0,0,0
2047793,1,28615,E. Piovi,DM,Estudiantes,-21.8,-2.88,-23.75,-5.29,8,9,drawing,0,0,0,0,0,0,0,0,0,0,0
2047793,1,13084,S. Ascacíbar,RM,Estudiantes,-2.14,-19.19,4.1,-20.24,9,15,drawing,0,0,0,0,0,0,0,0,0,0,0
2047793,1,58765,T. Palacios,RW,Estudiantes,13.14,-17.93,21.35,-26.53,14,15,drawing,1,0,0,0,0,1,1,0,0,1,1
2047793,1,4110,G. Carrillo,CF,Estudiantes,17.66,-12.98,42.07,-0.61,14,18,drawing,0,0,0,0,0,1,0,1,0,0,0
2047793,1,25949,E. Cetré,LW,Estudiantes,19.46,25.4,43.01,8.56,12,18,drawing,0,0,0,0,0,1,0,1,0,0,0
2047793,1,13084,S. Ascacíbar,RM,Estudiantes,14.43,-28.67,17.76,-29.21,15,15,drawing,0,0,0,0,0,0,0,0,0,0,0
2047793,1,36739,C. Medina,LM,Estudiantes,14.09,0.76,42.98,-4.92,13,19,drawing,0,0,1,0,0,1,0,1,0,0,0
2047793,1,28755,F. Mura,RB,Racing Club,11.36,-34.98,26.12,-30.62,15,15,drawing,0,0,0,0,0,0,0,0,0,0,0
2047793,1,38142,A. Martínez,CF,Racing Club,20.97,-4.68,27.49,-16.38,14,19,drawing,1,0,0,0,0,1,0,1,0,0,0
2047793,1,26252,J. Nardoni,RM,Racing Club,14.95,-14.13,20.53,-16.18,14,14,drawing,0,0,0,0,0,0,0,0,0,0,0
2047793,1,812900,R. Gómez,RB,Estudiantes,-21.18,-12.49,-13.01,-31.06,9,10,drawing,0,0,0,0,0,0,0,0,0,0,0
2047793,1,58765,T. Palacios,RW,Estudiantes,-10.67,-12.01,-4.94,-19.32,9,9,drawing,0,0,0,0,0,0,0,0,0,0,0
2047793,1,13084,S. Ascacíbar,RM,Estudiantes,-7.44,2.13,3.4,-12.91,8,14,drawing,0,0,0,0,0,0,0,0,0,0,0
2047793,1,812900,R. Gómez,RB,Estudiantes,-12.56,-31.36,33.51,-27.2,10,20,drawing,0,0,0,0,0,0,0,0,0,0,0
2047793,1,528888,S. Solari,RF,Racing Club,6.35,-34.32,-2.21,-33.45,15,10,drawing,0,0,0,0,0,0,0,0,0,0,0
2047793,1,26252,J. Nardoni,RM,Racing Club,-14.78,1.58,-10.98,13.99,8,7,drawing,0,1,0,0,0,0,0,0,0,0,0
2047793,1,58765,T. Palacios,RW,Estudiantes,-4.26,-21.85,5.7,-15.18,10,14,drawing,0,0,0,0,0,0,0,0,0,0,0
2047793,1,13084,S. Ascacíbar,RM,Estudiantes,4.91,-16.1,9.72,-15.66,14,14,drawing,0,1,0,0,0,0,0,0,0,0,0
2047793,1,528888,S. Solari,RF,Racing Club,3.67,-30.55,3.46,-23.71,15,15,drawing,0,0,0,1,0,0,0,0,0,0,0
2047793,1,528888,S. Solari,RF,Racing Club,14.49,-4.18,36.66,4.75,14,18,drawing,0,0,0,0,0,0,0,0,0,0,0
2047793,1,38142,A. Martínez,CF,Racing Club,23.8,7.73,42.77,-3.78,13,19,drawing,0,0,1,0,0,0,0,0,0,0,0
2047793,1,13084,S. Ascacíbar,RM,Estudiantes,-13.99,-33.42,-5.72,-31.69,10,10,drawing,0,1,0,0,0,0,0,0,0,0,0
2047793,1,528888,S. Solari,RF,Racing Club,9.65,4.65,12.52,0.3,13,13,drawing,0,0,0,0,0,0,0,0,0,0,0
2047793,1,26252,J. Nardoni,RM,Racing Club,21.63,5.16,25.46,13.52,13,12,drawing,0,0,0,0,0,0,0,0,0,0,0
2047793,1,38142,A. Martínez,CF,Racing Club,34.63,7.14,37.54,6.28,18,18,drawing,0,0,0,0,0,1,0,1,0,0,0
2047793,1,38142,A. Martínez,CF,Racing Club,19.69,-2.95,31.67,2.28,13,18,drawing,0,0,0,0,0,1,0,1,0,0,0
2047793,1,528888,S. Solari,RF,Racing Club,17.37,-19.61,31.11,-12.68,15,19,drawing,0,0,0,0,0,1,0,1,0,0,0
2047793,1,35671,D. Vergara,LF,Racing Club,35.44,29.03,40.17,29.06,17,17,drawing,0,0,0,0,0,0,0,0,0,0,0
2047793,1,26252,J. Nardoni,RM,Racing Club,27.79,-3.58,37.98,1.04,19,18,drawing,0,0,0,0,0,0,0,0,0,0,0
2047793,1,28755,F. Mura,RB,Racing Club,15.2,-15.74,24.95,-28.46,14,15,drawing,0,0,1,0,0,0,0,0,0,0,0
2047793,1,528888,S. Solari,RF,Racing Club,21.84,-29.46,22.5,-26.51,15,15,drawing,0,1,0,0,0,0,0,0,0,0,0
2047793,1,28615,E. Piovi,DM,Estudiantes,-25.47,9.03,-22.53,3.98,3,8,drawing,0,0,0,0,0,0,0,0,0,0,0
2047793,1,35671,D. Vergara,LF,Racing Club,25.33,10.75,21.88,26.64,13,12,drawing,0,0,0,0,0,0,0,0,0,0,0
2047793,1,35564,G. Rojas,LB,Racing Club,9.09,26.08,16.83,31.46,12,11,drawing,0,1,0,0,0,0,0,0,0,0,0
2047793,1,35564,G. Rojas,LB,Racing Club,17.28,31.67,21.18,32.81,11,11,drawing,0,0,0,0,0,0,0,0,0,0,0
2047793,1,58765,T. Palacios,RW,Estudiantes,-8.62,-19.4,-0.25,-21.15,10,10,drawing,0,0,1,0,0,0,0,0,0,0,0
2047793,1,28755,F. Mura,RB,Racing Club,-3.1,-30.2,6.15,-32.45,10,15,drawing,0,0,0,0,0,0,0,0,0,0,0
2047793,1,528888,S. Solari,RF,Racing Club,20.27,-17.15,24.34,-19.24,14,14,drawing,0,0,0,0,0,0,0,0,0,0,0
2047793,1,36728,S. Sosa,DM,Racing Club,-4.63,10.64,-10.57,11.29,8,8,drawing,0,0,1,0,0,0,0,0,0,0,0
2047793,1,528888,S. Solari,RF,Racing Club,13.2,-21.1,8.26,-19.12,15,14,drawing,0,0,0,0,0,0,0,0,0,0,0
2047793,1,28755,F. Mura,RB,Racing Club,13.76,-29.93,17.42,-27.65,15,15,drawing,0,0,0,0,0,0,0,0,0,0,0
2047793,1,13084,S. Ascacíbar,RM,Estudiantes,-1.31,11.12,20.71,-2.83,8,13,drawing,0,0,0,0,0,0,0,0,0,0,0
2047793,1,58765,T. Palacios,RW,Estudiantes,28.6,-16.07,36.59,-13.42,19,19,drawing,0,0,0,0,0,1,1,1,1,0,0
2047793,1,28615,E. Piovi,DM,Estudiantes,-16.49,-3.95,-10.5,-10.94,9,9,drawing,0,0,0,0,0,0,0,0,0,0,0
2047793,1,36739,C. Medina,LM,Estudiantes,-18.58,2.54,-26.29,9.13,8,3,drawing,0,0,0,0,0,0,0,0,0,0,0
2047793,1,13084,S. Ascacíbar,RM,Estudiantes,-1.62,13.76,-11.75,19.47,7,7,drawing,0,0,0,0,0,0,0,0,0,0,0
2047793,1,38610,S. Arzamendia,LB,Estudiantes,-22.9,30.66,-16.02,29.2,6,7,drawing,0,0,0,0,0,0,0,0,0,0,0
2047793,1,26252,J. Nardoni,RM,Racing Club,22.31,-18.5,28.43,-19.82,14,20,drawing,0,0,0,0,0,0,0,0,0,0,0
2047793,1,528888,S. Solari,RF,Racing Club,23.51,-34.42,27.6,-33.73,15,20,drawing,0,0,0,0,0,0,0,0,0,0,0
2047793,1,35564,G. Rojas,LB,Racing Club,3.67,10.2,7.15,14.86,13,12,drawing,0,0,0,0,0,0,0,0,0,0,0
2047793,1,35671,D. Vergara,LF,Racing Club,31.6,12.72,32.22,26.28,18,17,drawing,0,0,0,0,0,0,0,0,0,0,0
2047793,1,38142,A. Martínez,CF,Racing Club,25.3,-5.42,31.6,3.32,14,18,drawing,0,0,0,0,0,0,0,0,0,0,0
2047793,1,35564,G. Rojas,LB,Racing Club,7.63,15.3,36.79,20.75,12,17,drawing,0,0,0,1,0,0,0,0,0,0,0
2047793,1,28677,N. Colombo,RCB,Racing Club,3.21,-0.65,0.3,-1.31,13,8,drawing,0,0,0,0,0,0,0,0,0,0,0
2047793,1,28755,F. Mura,RB,Racing Club,14.81,-10.34,21.73,-30.73,14,15,drawing,0,0,0,0,0,0,0,0,0,0,0
2047793,1,123094,A. García Basso,LCB,Racing Club,1.87,28.15,-5.15,24.48,12,7,drawing,0,0,0,0,0,0,0,0,0,0,0
2047793,1,36728,S. Sosa,DM,Racing Club,5.61,-2.13,2.0,-8.22,13,14,drawing,0,0,1,0,0,0,0,0,0,0,0
2047793,1,131530,S. Núñez,RCB,Estudiantes,-32.63,-17.05,-35.81,-22.24,4,5,drawing,0,0,0,0,0,0,0,0,0,0,0
2047793,1,812900,R. Gómez,RB,Estudiantes,-9.31,-27.41,-5.63,-26.2,10,10,drawing,0,0,0,0,0,0,0,0,0,0,0
2047793,1,36739,C. Medina,LM,Estudiantes,3.8,11.06,29.67,-1.88,13,18,drawing,1,0,0,0,0,1,0,1,0,0,0
2047793,1,4110,G. Carrillo,CF,Estudiantes,11.07,-7.85,35.13,-11.18,14,19,drawing,1,0,1,0,0,1,1,1,1,0,0
2047793,1,528888,S. Solari,RF,Racing Club,23.42,15.64,33.08,15.39,12,17,drawing,1,0,1,0,0,1,0,1,0,0,0
2047793,1,35671,D. Vergara,LF,Racing Club,27.3,27.83,24.08,29.18,12,12,drawing,0,0,0,0,0,0,0,0,0,0,0
2047793,1,35671,D. Vergara,LF,Racing Club,28.09,24.56,35.28,17.74,17,17,drawing,1,0,0,0,0,1,0,1,0,0,0
2047793,1,38142,A. Martínez,CF,Racing Club,25.03,6.98,36.22,1.3,13,18,drawing,0,0,0,0,0,0,0,0,0,0,0
2047793,1,35564,G. Rojas,LB,Racing Club,22.16,23.7,48.23,25.24,12,17,drawing,0,0,0,0,1,1,1,0,0,1,1
2047793,1,38142,A. Martínez,CF,Racing Club,36.73,1.27,44.49,4.51,18,18,drawing,0,0,0,0,0,0,0,0,0,0,0
2047793,1,25949,E. Cetré,LW,Estudiantes,-43.46,-4.02,-0.59,-27.54,4,10,drawing,0,0,1,0,0,0,0,0,0,0,0
2047793,1,36739,C. Medina,LM,Estudiantes,-41.43,-7.58,-5.75,-12.74,4,9,drawing,0,0,0,0,1,0,0,0,0,0,0
2047793,1,4110,G. Carrillo,CF,Estudiantes,-26.14,-4.2,-11.24,-4.5,4,9,drawing,0,0,0,0,0,0,0,0,0,0,0
2047793,1,13084,S. Ascacíbar,RM,Estudiantes,-0.54,1.88,28.39,10.75,8,18,drawing,0,0,0,0,0,1,0,1,0,0,0
2047793,1,25949,E. Cetré,LW,Estudiantes,0.04,-27.82,31.01,-10.03,10,19,drawing,1,0,0,0,0,1,0,1,0,0,0
2047793,1,4110,G. Carrillo,CF,Estudiantes,-10.79,-4.54,24.47,3.08,9,13,drawing,0,0,1,0,0,0,0,0,0,0,0
2047793,1,58765,T. Palacios,RW,Estudiantes,-8.51,-25.49,16.92,-17.0,10,14,drawing,0,0,0,0,0,0,0,0,0,0,0
2047793,1,36739,C. Medina,LM,Estudiantes,23.22,-8.33,35.43,0.27,14,18,drawing,0,1,0,0,0,1,0,1,0,0,0
2047793,1,36739,C. Medina,LM,Estudiantes,41.8,10.61,37.26,22.34,18,17,drawing,0,0,0,0,0,0,0,0,0,0,0
2047793,1,26252,J. Nardoni,RM,Racing Club,10.81,3.51,24.97,-11.65,13,14,drawing,0,0,0,0,0,0,0,0,0,0,0
2047793,1,28755,F. Mura,RB,Racing Club,24.99,-30.22,38.25,-26.38,15,20,drawing,0,0,0,0,0,1,1,0,0,1,1
2047793,1,58765,T. Palacios,RW,Estudiantes,-32.1,-2.72,-6.91,-24.79,3,10,drawing,0,0,1,0,0,0,0,0,0,0,0
2047793,1,13084,S. Ascacíbar,RM,Estudiantes,-41.25,9.22,-35.15,10.68,3,3,drawing,0,0,0,0,0,0,0,0,0,0,0
2047793,1,36739,C. Medina,LM,Estudiantes,-41.44,6.81,8.19,26.45,3,12,drawing,0,0,1,0,0,1,1,0,0,1,1
2047793,1,38610,S. Arzamendia,LB,Estudiantes,-29.2,18.37,-7.14,26.99,2,7,drawing,0,0,0,0,0,0,0,0,0,0,0
2047793,1,28615,E. Piovi,DM,Estudiantes,5.92,9.88,7.92,19.58,13,12,drawing,0,1,0,0,0,0,0,0,0,0,0
2047793,1,35671,D. Vergara,LF,Racing Club,28.54,20.88,26.2,26.17,17,12,drawing,0,0,0,0,0,0,0,0,0,0,0
2047793,1,35564,G. Rojas,LB,Racing Club,30.23,32.31,47.51,26.43,16,17,drawing,0,1,0,0,0,1,1,0,0,1,1
2047793,1,38142,A. Martínez,CF,Racing Club,37.91,8.74,44.74,7.11,18,18,drawing,0,0,0,0,0,1,0,1,0,0,0
2047793,1,28755,F. Mura,RB,Racing Club,21.34,-4.23,34.39,-3.7,14,19,drawing,0,0,0,0,0,0,0,0,0,0,0
2047793,1,35671,D. Vergara,LF,Racing Club,6.54,44.46,14.04,26.88,11,12,drawing,0,0,0,0,0,0,0,0,0,0,0
2047793,1,25949,E. Cetré,LW,Estudiantes,-1.27,31.26,13.12,32.87,6,11,drawing,0,0,0,0,1,1,1,0,0,1,1
2047793,1,13084,S. Ascacíbar,RM,Estudiantes,-12.51,4.04,-2.89,4.24,8,8,drawing,0,0,0,0,0,0,0,0,0,0,0
2047793,1,58765,T. Palacios,RW,Estudiantes,4.75,-5.46,39.64,0.84,14,18,drawing,0,0,1,0,0,1,0,1,0,0,0
2047793,1,13084,S. Ascacíbar,RM,Estudiantes,-2.27,4.23,39.85,5.86,8,18,drawing,0,0,0,0,0,0,0,0,0,0,0
2047793,1,36739,C. Medina,LM,Estudiantes,2.42,23.75,29.15,17.35,12,17,drawing,0,0,0,0,0,0,0,0,0,0,0
2047793,1,28755,F. Mura,RB,Racing Club,-31.83,-15.68,-25.23,-21.83,4,10,drawing,0,0,0,0,0,0,0,0,0,0,0
2047793,1,26252,J. Nardoni,RM,Racing Club,-4.37,-9.56,-0.28,-7.74,9,9,drawing,0,0,0,0,0,0,0,0,0,0,0
2047793,1,28747,E. Almendra,LM,Racing Club,-15.18,-1.18,-4.41,3.82,8,8,drawing,0,0,0,0,0,0,0,0,0,0,0
2047793,1,26252,J. Nardoni,RM,Racing Club,0.12,-7.51,11.38,2.91,9,13,drawing,0,0,0,0,0,0,0,0,0,0,0
2047793,1,35564,G. Rojas,LB,Racing Club,-17.33,9.01,0.31,18.76,8,7,drawing,0,0,0,0,0,0,0,0,0,0,0
2047793,1,812900,R. Gómez,RB,Estudiantes,2.23,-32.61,24.31,-31.31,15,15,drawing,0,0,0,0,0,1,1,0,0,1,1
2047793,1,58765,T. Palacios,RW,Estudiantes,8.77,-22.18,27.33,-24.47,15,15,drawing,0,0,0,0,0,1,1,0,0,1,1
2047793,1,13084,S. Ascacíbar,RM,Estudiantes,6.66,-19.11,15.99,-25.28,14,15,drawing,0,0,0,0,0,0,0,0,0,0,0
2047793,1,812900,R. Gómez,RB,Estudiantes,31.25,-29.89,34.11,-19.85,20,20,drawing,0,1,0,0,0,1,0,1,0,0,0
2047793,1,38610,S. Arzamendia,LB,Estudiantes,8.58,16.63,24.87,25.86,12,12,drawing,0,0,0,0,0,0,0,0,0,0,0
2047793,1,38610,S. Arzamendia,LB,Estudiantes,17.84,25.56,12.48,28.56,12,12,drawing,0,0,0,0,0,0,0,0,0,0,0
2047793,1,131530,S. Núñez,RCB,Estudiantes,-13.38,-9.27,-17.01,-10.74,9,9,drawing,0,0,0,0,0,0,0,0,0,0,0
2047793,1,812900,R. Gómez,RB,Estudiantes,11.7,-29.56,16.5,-26.58,15,15,drawing,0,0,0,0,0,0,0,0,0,0,0
2047793,1,13084,S. Ascacíbar,RM,Estudiantes,9.41,16.99,22.6,10.79,12,13,drawing,0,0,0,0,1,1,1,1,1,0,0
2047793,1,4110,G. Carrillo,CF,Estudiantes,18.87,0.35,25.31,0.37,13,13,drawing,0,0,0,0,0,0,0,0,0,0,0
2047793,1,13084,S. Ascacíbar,RM,Estudiantes,23.03,10.56,32.86,7.48,13,18,drawing,0,1,0,0,0,1,0,1,0,0,0
2047793,1,812900,R. Gómez,RB,Estudiantes,22.68,-18.68,31.54,-13.24,14,19,drawing,0,0,0,0,0,0,0,0,0,0,0
2047793,1,58765,T. Palacios,RW,Estudiantes,16.03,14.4,43.72,0.65,12,18,drawing,0,0,1,0,0,1,0,1,0,0,0
2047793,1,4110,G. Carrillo,CF,Estudiantes,39.72,-7.73,43.65,-9.78,19,19,drawing,0,0,0,0,0,1,0,1,0,0,0
2047793,1,28747,E. Almendra,LM,Racing Club,-1.01,22.98,7.33,24.14,7,12,drawing,0,1,0,0,0,0,0,0,0,0,0
2047793,1,26252,J. Nardoni,RM,Racing Club,23.6,1.74,31.88,11.0,13,18,drawing,1,0,0,0,0,1,0,1,0,0,0
2047793,1,528888,S. Solari,RF,Racing Club,24.02,-27.03,29.95,-19.54,15,20,drawing,0,0,0,0,0,0,0,0,0,0,0
2047793,1,35564,G. Rojas,LB,Racing Club,26.22,31.48,31.34,28.55,11,17,drawing,0,0,0,0,0,0,0,0,0,0,0
2047793,1,38142,A. Martínez,CF,Racing Club,28.32,12.79,31.73,15.06,18,17,drawing,0,0,0,0,0,1,0,1,0,0,0
2047793,2,58765,T. Palacios,RW,Estudiantes,21.12,-13.69,26.87,-11.16,14,14,drawing,1,0,0,0,0,0,0,0,0,0,0
2047793,2,13084,S. Ascacíbar,RM,Estudiantes,14.19,-7.41,20.07,-6.39,14,14,drawing,0,0,0,0,0,0,0,0,0,0,0
2047793,2,38142,A. Martínez,CF,Racing Club,-16.25,19.57,-5.68,28.82,7,7,drawing,0,0,0,0,0,0,0,0,0,0,0
2047793,2,26252,J. Nardoni,RM,Racing Club,-7.45,12.41,-13.99,8.94,8,8,drawing,0,0,0,0,0,0,0,0,0,0,0
2047793,2,38142,A. Martínez,CF,Racing Club,35.37,11.04,36.86,7.88,18,18,drawing,0,0,0,1,0,1,0,1,0,0,0
2047793,2,58765,T. Palacios,RW,Estudiantes,-19.32,-26.85,-14.07,-28.28,10,10,drawing,0,0,0,0,0,0,0,0,0,0,0
2047793,2,28755,F. Mura,RB,Racing Club,8.43,-7.76,-3.54,-17.94,14,9,drawing,0,0,0,0,0,0,0,0,0,0,0
2047793,2,26252,J. Nardoni,RM,Racing Club,12.26,9.5,13.11,-5.47,13,14,drawing,0,0,0,0,0,0,0,0,0,0,0
2047793,2,28615,E. Piovi,DM,Estudiantes,-19.12,-3.01,-10.2,12.66,8,8,drawing,0,0,1,0,0,0,0,0,0,0,0
2047793,2,36739,C. Medina,LM,Estudiantes,-0.11,3.4,23.58,8.08,8,13,drawing,1,0,1,0,0,1,0,1,0,0,0
2047793,2,4110,G. Carrillo,CF,Estudiantes,-2.64,-1.96,14.96,-3.34,8,14,drawing,0,0,0,0,0,0,0,0,0,0,0
2047793,2,58765,T. Palacios,RW,Estudiantes,-5.39,-22.79,33.18,-16.7,10,19,drawing,0,0,0,0,1,1,1,1,1,0,0
2047793,2,4110,G. Carrillo,CF,Estudiantes,15.47,-3.35,33.82,-6.23,14,19,drawing,0,0,0,0,0,0,0,0,0,0,0
2047793,2,36739,C. Medina,LM,Estudiantes,24.04,7.75,41.52,-4.09,13,19,drawing,0,0,0,1,0,0,0,0,0,0,0
2047793,2,25949,E. Cetré,LW,Estudiantes,16.05,4.78,41.38,8.09,13,18,drawing,0,1,1,0,0,0,0,0,0,0,0
2047793,2,528888,S. Solari,RF,Racing Club,13.92,-3.35,24.91,-0.87,14,13,drawing,0,0,0,0,0,0,0,0,0,0,0
2047793,2,28747,E. Almendra,LM,Racing Club,16.74,21.53,13.85,20.82,12,12,drawing,0,0,0,0,0,0,0,0,0,0,0
2047793,2,35564,G. Rojas,LB,Racing Club,15.95,28.94,32.84,29.56,12,16,drawing,0,1,0,0,0,0,0,0,0,0,0
2047793,2,36728,S. Sosa,DM,Racing Club,-9.53,1.38,-23.08,1.63,8,8,drawing,0,0,0,0,0,0,0,0,0,0,0
2047793,2,26252,J. Nardoni,RM,Racing Club,-7.47,-3.82,-8.08,0.02,9,8,drawing,0,0,0,0,0,0,0,0,0,0,0
2047793,2,35564,G. Rojas,LB,Racing Club,-12.47,16.65,-5.19,20.55,7,7,drawing,0,0,0,0,0,0,0,0,0,0,0
2047793,2,28755,F. Mura,RB,Racing Club,-2.96,-24.46,24.37,-17.32,10,14,drawing,0,0,1,0,0,0,0,0,0,0,0
2047793,2,35671,D. Vergara,LF,Racing Club,16.29,21.36,24.38,33.09,12,11,drawing,0,0,0,0,0,0,0,0,0,0,0
2047793,2,26252,J. Nardoni,RM,Racing Club,25.17,-14.13,24.36,-24.83,14,15,drawing,0,0,1,0,0,0,0,0,0,0,0
2047793,2,28755,F. Mura,RB,Racing Club,11.88,-33.29,8.91,-33.15,15,15,drawing,0,0,0,0,0,0,0,0,0,0,0
2047793,2,528888,S. Solari,RF,Racing Club,20.03,10.03,24.18,-1.99,13,13,drawing,0,0,0,0,0,0,0,0,0,0,0
2047793,2,123094,A. García Basso,LCB,Racing Club,-1.89,17.64,2.72,20.88,7,12,drawing,0,0,0,0,0,0,0,0,0,0,0
2047793,2,26252,J. Nardoni,RM,Racing Club,21.99,-19.39,40.01,-15.43,15,19,drawing,1,0,0,0,0,1,1,1,1,0,0
2047793,2,528888,S. Solari,RF,Racing Club,28.05,5.0,29.68,8.63,18,18,drawing,0,0,0,0,0,0,0,0,0,0,0
2047793,2,36739,C. Medina,LM,Estudiantes,-13.96,7.52,-18.94,8.5,8,8,drawing,0,0,0,0,0,0,0,0,0,0,0
2047793,2,38610,S. Arzamendia,LB,Estudiantes,-14.41,31.8,-23.75,29.14,6,7,drawing,0,0,0,0,0,0,0,0,0,0,0
2047793,2,25949,E. Cetré,LW,Estudiantes,32.42,17.26,31.23,28.82,17,17,drawing,0,0,0,0,0,0,0,0,0,0,0
2047793,2,38142,A. Martínez,CF,Racing Club,-27.39,-16.49,-23.84,-18.2,4,9,drawing,0,0,0,0,0,0,0,0,0,0,0
2047793,2,35671,D. Vergara,LF,Racing Club,2.73,10.99,7.58,17.87,13,12,drawing,0,0,0,0,0,0,0,0,0,0,0
2047793,2,38610,S. Arzamendia,LB,Estudiantes,-11.63,6.55,-5.53,10.45,8,8,drawing,0,0,0,0,0,0,0,0,0,0,0
2047793,2,36739,C. Medina,LM,Estudiantes,-4.27,-16.95,-0.06,0.16,9,8,drawing,0,0,0,0,0,0,0,0,0,0,0
2047793,2,36739,C. Medina,LM,Estudiantes,0.13,0.72,6.04,17.51,8,12,drawing,0,0,1,0,0,0,0,0,0,0,0
2047793,2,38610,S. Arzamendia,LB,Estudiantes,0.72,16.06,26.48,25.23,7,12,drawing,0,1,0,0,0,0,0,0,0,0,0
2047793,2,812900,R. Gómez,RB,Estudiantes,13.45,-18.17,24.06,-17.11,14,14,drawing,0,0,0,0,0,0,0,0,0,0,0
2047793,2,38610,S. Arzamendia,LB,Estudiantes,14.1,19.08,18.48,21.21,12,12,drawing,0,0,0,0,0,0,0,0,0,0,0
2047793,2,528888,S. Solari,RF,Racing Club,16.21,0.06,25.24,9.03,13,13,drawing,0,0,0,0,0,0,0,0,0,0,0
2047793,2,35671,D. Vergara,LF,Racing Club,19.31,16.02,23.15,14.1,12,12,drawing,0,0,0,0,0,0,0,0,0,0,0
2047793,2,36739,C. Medina,LM,Estudiantes,-1.34,18.01,-1.08,21.39,7,7,drawing,0,0,0,0,0,0,0,0,0,0,0
2047793,2,35564,G. Rojas,LB,Racing Club,-9.47,30.19,1.62,32.44,6,11,drawing,0,0,0,0,0,0,0,0,0,0,0
2047793,2,28747,E. Almendra,LM,Racing Club,9.49,16.14,19.39,17.08,12,12,drawing,0,0,0,0,0,0,0,0,0,0,0
2047793,2,28747,E. Almendra,LM,Racing Club,20.09,17.14,29.72,21.0,12,17,drawing,0,0,0,0,0,0,0,0,0,0,0
2047793,2,28677,N. Colombo,RCB,Racing Club,-1.69,-8.59,-10.07,-10.95,9,9,drawing,0,0,0,0,0,0,0,0,0,0,0
2047793,2,26252,J. Nardoni,RM,Racing Club,9.27,-12.67,18.03,-16.36,14,14,drawing,0,0,0,0,0,0,0,0,0,0,0
2047793,2,528888,S. Solari,RF,Racing Club,14.75,-31.43,9.09,-27.77,15,15,drawing,0,0,0,0,0,0,0,0,0,0,0
2047793,2,26252,J. Nardoni,RM,Racing Club,11.72,-4.51,18.25,-15.88,14,14,drawing,0,0,1,0,1,0,0,0,0,0,0
2047793,2,38142,A. Martínez,CF,Racing Club,22.36,-5.72,23.62,-11.53,14,14,drawing,0,0,0,0,0,0,0,0,0,0,0
2047793,2,528888,S. Solari,RF,Racing Club,8.77,-22.11,26.37,-11.84,15,14,drawing,0,0,0,0,0,0,0,0,0,0,0
2047793,2,528888,S. Solari,RF,Racing Club,13.82,-18.34,16.13,-10.98,14,14,drawing,0,0,0,0,0,0,0,0,0,0,0
2047793,2,528888,S. Solari,RF,Racing Club,4.41,-0.01,16.94,15.21,13,12,drawing,0,0,0,0,0,0,0,0,0,0,0
2047793,2,35671,D. Vergara,LF,Racing Club,13.55,24.09,15.73,27.21,12,12,drawing,0,0,0,0,0,0,0,0,0,0,0
2047793,2,123094,A. García Basso,LCB,Racing Club,-10.71,12.31,-12.67,19.68,8,7,drawing,0,0,0,0,0,0,0,0,0,0,0
2047793,2,528888,S. Solari,RF,Racing Club,16.89,13.65,16.66,17.64,12,12,drawing,0,0,0,0,0,0,0,0,0,0,0
2047793,2,38142,A. Martínez,CF,Racing Club,26.05,5.13,26.6,9.11,13,13,drawing,0,0,0,0,0,1,0,1,0,0,0
2047793,2,38142,A. Martínez,CF,Racing Club,26.76,9.59,33.41,16.68,13,17,drawing,0,0,0,0,1,1,1,1,1,0,0
2047793,2,528888,S. Solari,RF,Racing Club,24.76,23.38,46.88,8.57,12,18,drawing,0,0,1,0,0,1,0,1,0,0,0
2047793,2,36739,C. Medina,LM,Estudiantes,-12.42,6.2,-0.29,14.92,8,7,drawing,0,0,0,0,0,0,0,0,0,0,0
2047793,2,28615,E. Piovi,DM,Estudiantes,-24.9,5.0,-10.68,16.2,8,7,drawing,0,0,1,0,0,0,0,0,0,0,0
2047793,2,28615,E. Piovi,DM,Estudiantes,-8.24,11.47,-5.49,-1.22,8,8,drawing,0,0,0,0,0,0,0,0,0,0,0
2047793,2,36739,C. Medina,LM,Estudiantes,7.78,19.81,6.19,24.96,12,12,drawing,0,0,0,1,0,0,0,0,0,0,0
2047793,2,812900,R. Gómez,RB,Estudiantes,9.54,-34.18,15.17,-33.36,15,15,drawing,0,0,0,0,0,0,0,0,0,0,0
2047793,2,812900,R. Gómez,RB,Estudiantes,15.72,-33.23,31.27,-19.2,15,19,drawing,1,0,0,0,0,1,0,1,0,0,0
2047793,2,36739,C. Medina,LM,Estudiantes,3.14,16.3,36.19,0.89,12,18,drawing,1,0,0,0,0,1,0,1,0,0,0
2047793,2,28755,F. Mura,RB,Racing Club,-30.03,-9.73,-5.62,-25.57,4,10,drawing,0,0,0,0,0,0,0,0,0,0,0
2047793,2,28755,F. Mura,RB,Racing Club,-4.89,-31.12,13.61,-18.18,10,14,drawing,0,0,0,1,0,0,0,0,0,0,0
2047793,2,36728,S. Sosa,DM,Racing Club,6.84,-9.28,7.9,-17.68,14,14,drawing,0,0,0,0,0,0,0,0,0,0,0
2047793,2,28755,F. Mura,RB,Racing Club,16.19,-19.16,19.82,-25.78,14,15,drawing,0,0,1,0,0,0,0,0,0,0,0
2047793,2,36728,S. Sosa,DM,Racing Club,7.94,-18.19,20.19,-24.83,14,15,drawing,0,0,0,0,0,0,0,0,0,0,0
2047793,2,528888,S. Solari,RF,Racing Club,5.51,-29.8,14.24,-23.87,15,15,drawing,0,0,0,1,0,0,0,0,0,0,0
2047793,2,35564,G. Rojas,LB,Racing Club,16.06,18.69,35.8,31.39,12,16,drawing,0,0,0,0,0,0,0,0,0,0,0
2047793,2,35671,D. Vergara,LF,Racing Club,39.38,30.65,37.7,33.47,16,16,drawing,0,0,0,0,0,0,0,0,0,0,0
2047793,2,28747,E. Almendra,LM,Racing Club,26.92,12.79,17.12,23.57,13,12,drawing,0,0,1,0,0,0,0,0,0,0,0
2047793,2,35564,G. Rojas,LB,Racing Club,37.08,31.36,41.95,15.84,16,17,drawing,0,0,0,1,0,0,0,0,0,0,0
2047793,2,28755,F. Mura,RB,Racing Club,30.0,-22.7,13.22,-30.73,20,15,drawing,0,0,0,0,0,0,0,0,0,0,0
2047793,2,26252,J. Nardoni,RM,Racing Club,18.81,-2.59,24.92,-22.59,13,15,drawing,0,0,1,0,0,0,0,0,0,0,0
2047793,2,34536,L. González Pírez,LCB,Estudiantes,-22.12,18.58,-26.02,19.35,7,2,drawing,0,0,0,0,0,0,0,0,0,0,0
2047793,2,38142,A. Martínez,CF,Racing Club,37.52,-5.86,39.6,1.07,19,18,drawing,0,0,0,0,0,0,0,0,0,0,0
2047793,2,28747,E. Almendra,LM,Racing Club,22.66,7.3,11.24,23.96,13,12,drawing,0,0,0,0,0,0,0,0,0,0,0
2047793,2,28677,N. Colombo,RCB,Racing Club,-5.15,-4.05,-14.25,-4.86,9,9,drawing,0,0,0,0,0,0,0,0,0,0,0
2047793,2,36728,S. Sosa,DM,Racing Club,-6.17,11.23,-12.47,10.03,8,8,drawing,0,0,0,0,0,0,0,0,0,0,0
2047793,2,36728,S. Sosa,DM,Racing Club,-14.11,0.27,-4.24,-8.86,8,9,drawing,0,0,0,1,0,0,0,0,0,0,0
2047793,2,38142,A. Martínez,CF,Racing Club,20.86,-3.79,22.39,-11.14,14,14,drawing,0,0,0,1,0,0,0,0,0,0,0
2047793,2,28755,F. Mura,RB,Racing Club,16.35,-30.48,35.68,-21.64,15,20,drawing,1,0,0,0,0,0,0,0,0,0,0
2047793,2,36739,C. Medina,LM,Estudiantes,-1.93,14.64,6.77,-16.88,7,14,drawing,0,1,0,1,0,0,0,0,0,0,0
2047793,2,36739,C. Medina,LM,Estudiantes,10.17,-22.82,22.11,-23.79,15,15,drawing,0,1,1,0,0,0,0,0,0,0,0
2047793,2,812900,R. Gómez,RB,Estudiantes,20.99,-32.31,26.8,-28.85,15,15,drawing,0,0,0,0,0,0,0,0,0,0,0
2047793,2,13084,S. Ascacíbar,RM,Estudiantes,22.77,-4.87,26.22,-4.95,14,14,drawing,0,0,0,0,0,0,0,0,0,0,0
2047793,2,36739,C. Medina,LM,Estudiantes,22.48,-23.46,24.47,-19.39,15,15,drawing,0,0,0,1,0,0,0,0,0,0,0
2047793,2,13084,S. Ascacíbar,RM,Estudiantes,26.61,2.64,42.91,4.81,13,18,drawing,1,0,1,0,0,1,0,1,0,0,0
2047793,2,36739,C. Medina,LM,Estudiantes,27.21,-7.78,38.83,-10.17,14,19,drawing,0,0,1,0,0,1,0,1,0,0,0
2047793,2,26252,J. Nardoni,RM,Racing Club,1.15,-11.8,-5.05,-26.08,14,10,drawing,0,0,1,0,0,0,0,0,0,0,0
2047793,2,35564,G. Rojas,LB,Racing Club,12.47,16.95,12.87,19.92,12,12,drawing,0,0,0,0,0,0,0,0,0,0,0
2047793,2,947642,J. Tobio Burgos,RW,Estudiantes,2.3,-19.64,28.96,-5.49,15,19,drawing,0,0,0,1,0,0,0,0,0,0,0
2047793,2,38610,S. Arzamendia,LB,Estudiantes,-0.56,8.28,32.76,21.14,8,17,drawing,0,0,0,0,0,0,0,0,0,0,0
2047793,2,13084,S. Ascacíbar,RM,Estudiantes,20.49,-9.98,41.43,-0.3,14,18,drawing,1,0,1,0,0,1,0,1,0,0,0
2047793,2,25949,E. Cetré,LW,Estudiantes,30.33,13.77,37.15,21.75,17,17,drawing,0,0,1,0,0,0,0,0,0,0,0
2047793,2,36722,F. Cambeses,GK,Racing Club,-47.57,-1.46,-49.38,-5.46,3,4,drawing,0,0,0,0,0,0,0,0,0,0,0
2047793,2,35564,G. Rojas,LB,Racing Club,-9.2,23.18,28.89,28.73,7,17,drawing,0,0,0,0,0,0,0,0,0,0,0
2047793,2,38142,A. Martínez,CF,Racing Club,29.35,10.26,33.21,14.58,18,17,drawing,0,0,0,1,0,1,0,1,0,0,0
2047793,2,36516,T. Conechny,RF,Racing Club,23.88,16.92,36.48,22.65,12,17,drawing,0,1,0,0,0,0,0,0,0,0,0
2047793,2,28615,E. Piovi,DM,Estudiantes,-2.61,-1.21,4.12,14.43,8,12,drawing,0,0,0,0,0,0,0,0,0,0,0
2047793,2,28615,E. Piovi,DM,Estudiantes,7.05,20.63,25.36,24.76,12,12,drawing,0,1,0,0,1,0,0,0,0,0,0
2047793,2,25949,E. Cetré,LW,Estudiantes,20.57,29.97,24.82,24.56,11,12,drawing,0,0,0,0,0,0,0,0,0,0,0
2047793,2,25949,E. Cetré,LW,Estudiantes,25.24,24.17,32.07,16.67,12,17,drawing,0,0,0,0,0,0,0,0,0,0,0
2047793,2,947642,J. Tobio Burgos,RW,Estudiantes,31.2,-18.48,30.41,-28.35,19,20,drawing,0,0,0,0,0,0,0,0,0,0,0
2047793,2,13084,S. Ascacíbar,RM,Estudiantes,31.8,-3.4,38.64,-2.51,19,18,drawing,1,0,0,0,0,0,0,0,0,0,0
2047793,2,25949,E. Cetré,LW,Estudiantes,36.47,10.04,42.92,8.21,18,18,drawing,0,0,0,0,0,1,1,1,1,0,0
2047793,2,28755,F. Mura,RB,Racing Club,-44.74,-13.31,16.18,-31.26,4,15,drawing,0,0,1,0,1,0,0,0,0,0,0
2047793,2,36516,T. Conechny,RF,Racing Club,-14.16,-21.48,19.04,-11.6,10,14,drawing,0,0,0,1,0,0,0,0,0,0,0
2047793,2,852686,A. Fernández,LM,Racing Club,-27.76,0.18,10.79,-2.33,3,13,drawing,0,0,0,0,0,0,0,0,0,0,0
2047793,2,26252,J. Nardoni,RM,Racing Club,6.94,-20.66,25.33,-26.39,15,15,drawing,0,1,0,0,0,0,0,0,0,0,0
2047793,2,36516,T. Conechny,RF,Racing Club,21.85,-10.94,29.92,-13.63,14,19,drawing,0,0,0,0,0,0,0,0,0,0,0
2047793,2,852686,A. Fernández,LM,Racing Club,15.77,15.82,23.53,30.2,12,11,drawing,0,0,1,0,1,0,0,0,0,0,0
2047793,2,35564,G. Rojas,LB,Racing Club,6.77,24.12,15.29,21.15,12,12,drawing,0,0,0,1,0,0,0,0,0,0,0
2047793,2,35564,G. Rojas,LB,Racing Club,15.81,20.96,25.82,20.82,12,12,drawing,0,0,0,0,0,0,0,0,0,0,0
2047793,2,26252,J. Nardoni,RM,Racing Club,29.49,-18.96,36.12,-17.45,19,19,drawing,0,0,0,0,0,0,0,0,0,0,0
2047793,2,36516,T. Conechny,RF,Racing Club,35.67,-4.82,40.48,-5.38,19,19,drawing,0,0,0,0,0,1,0,1,0,0,0
2047793,2,4110,G. Carrillo,CF,Estudiantes,-15.41,-2.79,-22.44,-1.05,8,8,drawing,0,0,0,0,0,0,0,0,0,0,0
2047793,2,947642,J. Tobio Burgos,RW,Estudiantes,-23.46,3.15,0.66,12.92,8,8,drawing,0,0,0,0,0,1,0,1,0,0,0
2047793,2,36516,T. Conechny,RF,Racing Club,4.4,-24.03,21.77,-29.5,15,15,drawing,0,1,0,0,1,0,0,0,0,0,0
2047793,2,38142,A. Martínez,CF,Racing Club,31.3,-3.23,35.35,2.68,19,18,drawing,0,0,0,0,0,1,0,1,0,0,0
2047793,2,36516,T. Conechny,RF,Racing Club,27.23,-26.1,36.47,-20.51,15,20,drawing,0,1,0,0,0,1,0,0,0,1,0
2047793,2,36739,C. Medina,LM,Estudiantes,0.1,9.17,16.67,6.03,8,13,drawing,1,0,1,0,0,1,0,1,0,0,0
2047793,2,13084,S. Ascacíbar,RM,Estudiantes,-16.64,2.37,-4.3,0.16,8,8,drawing,0,0,0,0,0,0,0,0,0,0,0
2047793,2,4110,G. Carrillo,CF,Estudiantes,4.3,2.68,4.8,-5.59,13,14,drawing,0,1,0,0,0,0,0,0,0,0,0
2047793,2,13084,S. Ascacíbar,RM,Estudiantes,1.9,6.4,16.76,21.76,13,12,drawing,0,1,1,0,0,0,0,0,0,0,0
2047793,2,38142,A. Martínez,CF,Racing Club,8.22,4.72,14.15,3.39,13,13,drawing,1,0,0,0,0,1,0,1,0,0,0
2047793,2,852686,A. Fernández,LM,Racing Club,0.81,5.04,26.79,11.68,8,13,drawing,0,0,0,0,0,0,0,0,0,0,0
2047793,2,36516,T. Conechny,RF,Racing Club,-4.33,-17.93,36.77,-9.66,9,19,drawing,0,0,1,0,0,0,0,0,0,0,0
2047793,2,131530,S. Núñez,RCB,Estudiantes,26.11,4.44,-1.09,-0.3,13,8,losing,0,0,0,0,0,0,0,0,0,0,0
2047793,2,36679,E. Meza,RB,Estudiantes,-4.47,-17.12,-7.12,-24.36,9,10,losing,0,0,0,0,0,0,0,0,0,0,0
2047793,2,38610,S. Arzamendia,LB,Estudiantes,31.69,-6.14,22.28,-9.33,19,14,losing,0,0,0,1,0,0,0,0,0,0,0
2047793,2,13084,S. Ascacíbar,RM,Estudiantes,10.51,23.64,33.76,21.55,12,17,losing,0,1,0,0,0,0,0,0,0,0,0
2047793,2,38610,S. Arzamendia,LB,Estudiantes,12.32,16.84,10.55,20.17,12,12,losing,0,0,0,0,0,0,0,0,0,0,0
2047793,2,947642,J. Tobio Burgos,RW,Estudiantes,30.69,-12.51,37.75,-10.74,19,19,losing,0,0,0,0,0,1,0,1,0,0,0
2047793,2,852686,A. Fernández,LM,Racing Club,-27.64,-0.88,-8.57,-7.41,3,9,winning,0,0,0,0,0,0,0,0,0,0,0
2047793,2,38142,A. Martínez,CF,Racing Club,-6.76,-0.61,-1.49,-0.45,8,8,winning,0,1,0,0,0,0,0,0,0,0,0
2047793,2,852686,A. Fernández,LM,Racing Club,-2.54,-11.09,5.98,-17.26,9,14,winning,0,1,0,0,0,0,0,0,0,0,0
2047793,2,36728,S. Sosa,DM,Racing Club,-8.73,-4.81,-0.55,-7.96,9,9,winning,0,0,0,0,0,0,0,0,0,0,0
2047793,2,852686,A. Fernández,LM,Racing Club,6.41,-17.48,16.51,-22.61,14,15,winning,0,0,1,0,0,0,0,0,0,0,0
2047793,2,38142,A. Martínez,CF,Racing Club,20.99,-11.68,20.75,-19.47,14,15,winning,0,0,1,0,0,0,0,0,0,0,0
2047793,2,852686,A. Fernández,LM,Racing Club,16.34,-17.06,24.92,-16.87,14,14,winning,0,1,0,0,0,1,0,1,0,0,0
2047793,2,36679,E. Meza,RB,Estudiantes,-42.73,5.49,-19.44,-22.79,3,10,losing,0,0,1,0,0,0,0,0,0,0,0
2047793,2,947642,J. Tobio Burgos,RW,Estudiantes,-31.49,-9.7,-6.92,-22.44,4,10,losing,0,0,0,0,0,0,0,0,0,0,0
2047793,2,25949,E. Cetré,LW,Estudiantes,16.02,25.16,19.38,22.9,12,12,losing,0,0,0,0,0,0,0,0,0,0,0
2047793,2,38142,A. Martínez,CF,Racing Club,15.78,-17.05,22.86,-17.34,14,14,winning,1,0,0,0,0,1,1,1,1,0,0
2047793,2,36516,T. Conechny,RF,Racing Club,9.93,-20.73,34.32,-13.42,15,19,winning,0,0,0,0,0,0,0,0,0,0,0
2047793,2,38142,A. Martínez,CF,Racing Club,1.05,5.15,2.14,10.31,13,13,winning,0,0,0,0,0,0,0,0,0,0,0
2047793,2,35564,G. Rojas,LB,Racing Club,-15.74,16.38,-10.67,19.62,7,7,winning,0,0,0,0,0,0,0,0,0,0,0
2047793,2,38142,A. Martínez,CF,Racing Club,2.37,10.81,16.01,29.18,13,12,winning,0,0,0,0,0,0,0,0,0,0,0
2047793,2,36516,T. Conechny,RF,Racing Club,3.05,-11.66,14.12,-2.55,14,13,winning,0,0,0,0,0,0,0,0,0,0,0
2047793,2,35564,G. Rojas,LB,Racing Club,-2.97,24.15,15.16,29.75,7,11,winning,0,0,0,0,0,0,0,0,0,0,0
2047793,2,852686,A. Fernández,LM,Racing Club,2.94,11.51,21.92,16.11,13,12,winning,0,0,0,0,0,0,0,0,0,0,0
2047793,2,38992,G. Martirena,RWB,Racing Club,-4.62,-17.58,24.73,-15.01,9,14,winning,0,0,0,0,0,0,0,0,0,0,0
2047793,2,26252,J. Nardoni,RM,Racing Club,30.37,4.17,37.86,4.68,18,18,winning,1,0,0,0,0,1,0,1,0,0,0
2047793,2,36516,T. Conechny,RF,Racing Club,35.61,2.83,38.68,3.2,18,18,winning,0,0,1,0,0,1,0,1,0,0,0
2047793,2,36516,T. Conechny,RF,Racing Club,41.4,-0.16,35.81,-15.28,18,19,winning,0,0,0,0,0,0,0,0,0,0,0
2047793,2,5441,J. Sosa,LM,Estudiantes,-42.86,17.36,-30.7,17.96,2,2,losing,0,0,0,0,0,0,0,0,0,0,0
2047793,2,13084,S. Ascacíbar,RM,Estudiantes,-29.72,4.77,-25.74,5.69,3,3,losing,0,0,0,0,0,0,0,0,0,0,0
2047793,2,16289,L. Alario,CF,Estudiantes,-17.98,14.89,3.52,13.31,7,12,losing,0,0,0,0,0,0,0,0,0,0,0
2047793,2,25949,E. Cetré,LW,Estudiantes,1.66,23.91,12.23,13.26,12,12,losing,1,0,0,1,0,1,0,1,0,0,0
2047793,2,36679,E. Meza,RB,Estudiantes,1.94,-19.37,10.1,-21.75,15,15,losing,0,0,0,0,0,0,0,0,0,0,0
2047793,2,4110,G. Carrillo,CF,Estudiantes,-2.56,4.69,5.04,5.29,8,13,losing,0,0,0,0,0,0,0,0,0,0,0
2047793,2,947642,J. Tobio Burgos,RW,Estudiantes,0.75,-6.62,26.13,-13.96,9,14,losing,0,0,0,0,0,0,0,0,0,0,0
2047793,2,25949,E. Cetré,LW,Estudiantes,20.41,18.99,48.89,11.33,12,18,losing,0,0,0,0,0,1,1,1,1,0,0
2047793,2,16289,L. Alario,CF,Estudiantes,24.46,8.56,35.14,2.63,13,18,losing,0,0,0,0,0,0,0,0,0,0,0
2047793,2,35612,G. Benedetti,LB,Estudiantes,19.32,15.17,28.54,21.51,12,17,losing,0,0,0,0,0,0,0,0,0,0,0
2047793,2,25949,E. Cetré,LW,Estudiantes,39.89,20.45,36.59,24.67,17,17,losing,0,0,0,0,0,0,0,0,0,0,0
2047793,2,947642,J. Tobio Burgos,RW,Estudiantes,-13.94,-0.8,44.41,-22.29,8,20,losing,0,0,1,0,0,1,1,0,0,1,1
2047793,2,13084,S. Ascacíbar,RM,Estudiantes,-18.49,0.67,2.67,-15.21,8,14,losing,0,0,1,0,0,0,0,0,0,0,0
2047793,2,36679,E. Meza,RB,Estudiantes,31.96,-31.04,40.77,-20.18,20,20,losing,0,0,0,0,0,0,0,0,0,0,0
2047793,2,25949,E. Cetré,LW,Estudiantes,21.32,17.47,22.71,5.81,12,13,drawing,0,0,0,0,0,1,0,1,0,0,0
2047793,2,947642,J. Tobio Burgos,RW,Estudiantes,6.32,-2.13,20.28,-6.83,13,14,drawing,0,0,0,0,0,0,0,0,0,0,0
2047793,2,36679,E. Meza,RB,Estudiantes,-10.84,-17.62,9.47,-21.25,9,15,drawing,0,0,0,0,0,0,0,0,0,0,0
2047793,2,25949,E. Cetré,LW,Estudiantes,22.96,5.24,34.45,-22.19,13,20,drawing,0,0,1,0,0,0,0,0,0,0,0
2047793,2,36679,E. Meza,RB,Estudiantes,10.18,-21.36,27.89,-28.11,15,20,drawing,0,0,0,0,0,0,0,0,0,0,0
2047793,2,947642,J. Tobio Burgos,RW,Estudiantes,26.94,-12.33,30.97,-9.18,14,19,drawing,0,0,0,0,0,0,0,0,0,0,0
2047793,2,35612,G. Benedetti,LB,Estudiantes,23.3,6.77,8.54,-2.12,13,13,drawing,0,0,0,0,0,0,0,0,0,0,0
2047793,2,38992,G. Martirena,RWB,Racing Club,-9.31,-6.93,1.46,-10.82,9,14,drawing,0,0,0,0,0,0,0,0,0,0,0
2047793,2,38142,A. Martínez,CF,Racing Club,8.84,28.32,14.84,25.04,12,12,drawing,0,0,0,0,0,1,0,0,0,1,0
2047793,2,13084,S. Ascacíbar,RM,Estudiantes,-10.48,-2.45,-10.85,6.4,8,8,drawing,0,0,0,0,0,0,0,0,0,0,0
2047793,2,25949,E. Cetré,LW,Estudiantes,4.54,8.44,3.12,11.61,13,13,drawing,0,0,0,0,0,0,0,0,0,0,0
2047793,2,35612,G. Benedetti,LB,Estudiantes,-9.88,15.66,14.53,24.8,7,12,drawing,0,1,1,0,0,0,0,0,0,0,0
2047793,2,35612,G. Benedetti,LB,Estudiantes,15.16,25.1,24.03,27.59,12,12,drawing,0,0,0,0,0,0,0,0,0,0,0
2047793,2,25949,E. Cetré,LW,Estudiantes,14.71,13.69,23.93,11.37,12,13,drawing,0,1,0,0,0,0,0,0,0,0,0
2047793,2,36516,T. Conechny,RF,Racing Club,-33.38,6.6,0.54,3.74,3,8,drawing,0,0,0,0,0,1,0,1,0,0,0
2047793,2,38142,A. Martínez,CF,Racing Club,-44.17,0.45,-24.12,-2.06,3,8,drawing,0,0,0,0,0,0,0,0,0,0,0
2047793,2,38992,G. Martirena,RWB,Racing Club,-47.77,-3.46,-24.42,-19.97,4,10,drawing,0,0,0,0,0,0,0,0,0,0,0
2047793,2,34536,L. González Pírez,LCB,Estudiantes,7.87,1.8,-4.76,2.39,13,8,drawing,0,0,0,0,0,0,0,0,0,0,0
2047793,2,13084,S. Ascacíbar,RM,Estudiantes,2.61,0.44,-12.4,-2.87,13,8,drawing,0,0,0,0,0,0,0,0,0,0,0
2047793,2,36679,E. Meza,RB,Estudiantes,-28.0,-10.57,-23.58,-14.22,4,9,drawing,0,0,0,0,0,0,0,0,0,0,0
2047793,3,25949,E. Cetré,LW,Estudiantes,7.51,25.78,18.31,25.89,12,12,drawing,0,0,0,0,0,0,0,0,0,0,0
2047793,3,16289,L. Alario,CF,Estudiantes,5.99,0.94,15.99,2.68,13,13,drawing,0,0,0,0,0,0,0,0,0,0,0
2047793,3,26252,J. Nardoni,RM,Racing Club,22.24,-1.46,24.99,-8.49,13,14,drawing,0,0,0,0,0,0,0,0,0,0,0
2047793,3,36516,T. Conechny,RF,Racing Club,20.45,11.46,25.28,7.32,13,13,drawing,0,0,0,0,0,0,0,0,0,0,0
2047793,3,26252,J. Nardoni,RM,Racing Club,25.34,-9.01,30.84,-13.15,14,19,drawing,0,1,1,0,0,0,0,0,0,0,0
2047793,3,36516,T. Conechny,RF,Racing Club,24.28,3.69,21.3,-3.45,13,14,drawing,0,0,0,0,0,0,0,0,0,0,0
2047793,3,4110,G. Carrillo,CF,Estudiantes,10.55,20.06,6.55,21.97,12,12,drawing,0,0,0,0,0,0,0,0,0,0,0
2047793,3,25949,E. Cetré,LW,Estudiantes,22.22,31.88,27.02,32.63,11,11,drawing,0,0,0,0,0,1,1,0,0,1,1
2047793,3,5441,J. Sosa,LM,Estudiantes,15.99,29.24,33.46,12.58,11,18,drawing,0,0,0,0,0,0,0,0,0,0,0
2047793,3,16289,L. Alario,CF,Estudiantes,22.78,13.23,47.14,6.09,12,18,drawing,0,0,1,0,0,1,0,1,0,0,0
2047793,3,947642,J. Tobio Burgos,RW,Estudiantes,20.64,3.21,40.74,1.74,13,18,drawing,0,0,0,0,0,0,0,0,0,0,0
2047793,3,36679,E. Meza,RB,Estudiantes,14.03,-13.75,40.1,-24.53,14,20,drawing,0,0,0,0,0,0,0,0,0,0,0
2047793,3,5441,J. Sosa,LM,Estudiantes,34.23,1.45,32.45,-2.23,18,18,drawing,0,0,0,0,0,0,0,0,0,0,0
2047793,3,4110,G. Carrillo,CF,Estudiantes,36.16,6.81,44.3,11.26,18,18,drawing,0,0,1,0,1,0,0,0,0,0,0
2047793,3,35612,G. Benedetti,LB,Estudiantes,-12.6,15.06,-12.71,20.17,7,7,drawing,0,0,0,0,0,0,0,0,0,0,0
2047793,3,947642,J. Tobio Burgos,RW,Estudiantes,8.41,-2.72,15.91,21.14,13,12,drawing,0,0,0,0,0,0,0,0,0,0,0
2047793,3,5441,J. Sosa,LM,Estudiantes,5.66,-3.17,8.01,6.5,14,13,drawing,0,0,0,0,0,0,0,0,0,0,0
2047793,3,25949,E. Cetré,LW,Estudiantes,13.39,30.7,21.24,29.56,11,11,drawing,0,0,0,0,0,0,0,0,0,0,0
2047793,3,947642,J. Tobio Burgos,RW,Estudiantes,16.09,15.8,21.15,15.54,12,12,drawing,0,0,0,0,0,0,0,0,0,0,0
2047793,3,947642,J. Tobio Burgos,RW,Estudiantes,32.36,18.74,35.22,22.1,17,17,drawing,0,0,1,0,0,0,0,0,0,0,0
2047793,3,4110,G. Carrillo,CF,Estudiantes,32.06,-5.67,37.43,-0.87,19,18,drawing,0,0,0,0,0,0,0,0,0,0,0
2047793,3,38142,A. Martínez,CF,Racing Club,18.52,-3.47,23.64,-11.46,14,14,drawing,1,0,0,0,0,1,0,1,0,0,0
2047793,3,26252,J. Nardoni,RM,Racing Club,12.02,-21.47,17.28,-22.02,15,15,drawing,0,0,0,0,0,0,0,0,0,0,0
2047793,3,13084,S. Ascacíbar,RM,Estudiantes,-6.33,2.89,-7.24,-5.28,8,9,drawing,0,0,0,0,0,0,0,0,0,0,0
2047793,3,947642,J. Tobio Burgos,RW,Estudiantes,4.5,-13.07,6.83,-15.8,14,14,drawing,0,0,0,0,0,0,0,0,0,0,0
2047793,3,5441,J. Sosa,LM,Estudiantes,6.28,6.61,17.77,-18.67,13,14,drawing,0,0,0,0,0,0,0,0,0,0,0
2047793,3,36679,E. Meza,RB,Estudiantes,-4.28,-29.12,25.65,-27.38,10,15,drawing,1,0,0,0,0,1,0,0,0,1,0
2047793,3,947642,J. Tobio Burgos,RW,Estudiantes,12.45,-22.29,14.01,-24.87,15,15,drawing,0,0,0,0,0,0,0,0,0,0,0
2047793,3,947642,J. Tobio Burgos,RW,Estudiantes,19.46,-23.59,20.8,-20.79,15,15,drawing,0,0,0,1,0,0,0,0,0,0,0
2047793,3,36679,E. Meza,RB,Estudiantes,15.93,-27.57,26.8,-23.72,15,15,drawing,1,0,0,0,0,0,0,0,0,0,0
2047793,3,852686,A. Fernández,LM,Racing Club,-25.79,23.54,-17.85,29.84,2,6,drawing,0,0,1,0,0,0,0,0,0,0,0
2047793,3,26252,J. Nardoni,RM,Racing Club,9.59,-0.07,18.91,-3.86,13,14,drawing,1,0,1,0,0,1,0,1,0,0,0
2047793,3,38992,G. Martirena,RWB,Racing Club,-0.26,-13.11,20.99,-13.84,9,14,drawing,0,0,1,0,1,0,0,0,0,0,0
2047793,3,26252,J. Nardoni,RM,Racing Club,19.54,-4.09,30.72,-8.2,14,19,drawing,1,0,0,1,0,1,0,1,0,0,0
2047793,3,38142,A. Martínez,CF,Racing Club,14.76,14.13,38.02,4.7,12,18,drawing,0,0,0,0,0,0,0,0,0,0,0
2047793,3,5441,J. Sosa,LM,Estudiantes,-41.53,-14.59,-40.59,-18.79,4,4,drawing,0,0,0,0,1,0,0,0,0,0,0
2047793,3,5441,J. Sosa,LM,Estudiantes,-38.4,-30.21,-30.29,-31.57,5,5,drawing,0,1,0,0,1,0,0,0,0,0,0
2047793,3,13084,S. Ascacíbar,RM,Estudiantes,-29.02,-18.22,-25.15,-18.04,4,9,drawing,0,0,0,0,0,0,0,0,0,0,0
2047793,3,16289,L. Alario,CF,Estudiantes,-4.98,-19.04,-0.62,-19.09,9,9,drawing,0,0,0,0,0,0,0,0,0,0,0
2047793,3,35612,G. Benedetti,LB,Estudiantes,-26.71,15.97,-17.49,19.93,2,7,drawing,0,1,0,0,1,0,0,0,0,0,0
2047793,3,16289,L. Alario,CF,Estudiantes,20.34,6.77,26.19,9.36,13,13,drawing,1,0,0,0,0,1,0,1,0,0,0
2047793,3,4110,G. Carrillo,CF,Estudiantes,22.0,7.3,22.43,15.99,13,12,drawing,0,0,0,0,0,1,1,1,1,0,0
2047793,3,35612,G. Benedetti,LB,Estudiantes,11.6,23.41,39.22,32.65,12,16,drawing,0,0,0,0,1,0,0,0,0,0,0
2047793,3,25949,E. Cetré,LW,Estudiantes,29.3,20.92,35.45,21.58,17,17,drawing,0,0,1,0,0,1,0,0,0,1,0
2047793,3,947642,J. Tobio Burgos,RW,Estudiantes,31.26,10.9,37.79,10.27,18,18,drawing,1,0,1,0,0,1,0,1,0,0,0
2047793,3,4110,G. Carrillo,CF,Estudiantes,27.3,21.21,28.77,15.84,12,17,drawing,0,0,0,1,0,0,0,0,0,0,0
2047793,3,852686,A. Fernández,LM,Racing Club,5.42,21.52,2.5,22.62,12,12,drawing,0,0,0,0,0,0,0,0,0,0,0
2047793,3,36516,T. Conechny,RF,Racing Club,-9.01,32.98,16.27,20.82,6,12,drawing,0,0,0,1,0,0,0,0,0,0,0
2047793,3,38142,A. Martínez,CF,Racing Club,31.07,6.48,35.66,-1.0,18,18,drawing,1,0,0,0,0,1,0,1,0,0,0
2047793,3,38992,G. Martirena,RWB,Racing Club,25.74,-12.3,31.41,-10.37,14,19,drawing,0,0,1,0,0,0,0,0,0,0,0
2047793,3,947642,J. Tobio Burgos,RW,Estudiantes,31.64,-0.41,35.79,-1.09,18,18,drawing,0,0,0,0,0,0,0,0,0,0,0
2047793,3,35612,G. Benedetti,LB,Estudiantes,4.96,29.34,12.76,31.18,11,11,drawing,0,0,0,0,1,0,0,0,0,0,0
2047793,3,16289,L. Alario,CF,Estudiantes,28.51,6.87,35.1,4.15,18,18,drawing,0,0,1,0,0,1,0,1,0,0,0
2047793,3,36516,T. Conechny,RF,Racing Club,-14.52,0.43,8.12,26.37,8,12,drawing,0,0,1,0,0,1,1,0,0,1,1
2047793,3,852686,A. Fernández,LM,Racing Club,-22.4,-4.37,-16.56,-5.25,9,9,drawing,0,0,0,0,0,0,0,0,0,0,0
2047793,3,25949,E. Cetré,LW,Estudiantes,-2.42,21.33,3.79,25.74,7,12,drawing,0,0,0,0,0,1,1,0,0,1,1
2047793,3,16289,L. Alario,CF,Estudiantes,-0.74,-0.52,33.84,2.19,8,18,drawing,1,0,0,0,0,1,0,1,0,0,0
2047793,3,947642,J. Tobio Burgos,RW,Estudiantes,24.73,1.29,27.98,0.4,13,18,drawing,0,0,0,0,0,0,0,0,0,0,0
2047793,3,38142,A. Martínez,CF,Racing Club,-8.75,-10.51,-5.17,-11.45,9,9,drawing,0,0,0,0,0,1,0,1,0,0,0
2047793,3,38142,A. Martínez,CF,Racing Club,-4.68,-11.38,5.22,-6.52,9,14,drawing,1,0,1,0,0,1,0,1,0,0,0
2047793,3,36516,T. Conechny,RF,Racing Club,-2.98,7.54,3.23,12.69,8,13,drawing,0,0,1,0,0,1,1,1,1,0,0
2047793,3,38992,G. Martirena,RWB,Racing Club,-9.88,-7.04,30.23,-11.92,9,19,drawing,0,1,1,0,0,0,0,0,0,0,0
2047793,3,38142,A. Martínez,CF,Racing Club,7.79,-0.3,36.22,-1.79,13,18,drawing,1,0,0,0,0,1,0,1,0,0,0
2047793,3,4110,G. Carrillo,CF,Estudiantes,15.58,-6.46,14.28,-11.56,14,14,drawing,0,0,0,0,0,0,0,0,0,0,0
2047793,3,36679,E. Meza,RB,Estudiantes,-2.23,-30.43,10.39,-30.63,10,15,drawing,0,0,0,0,0,0,0,0,0,0,0
2047793,3,5441,J. Sosa,LM,Estudiantes,-3.87,-9.18,-2.57,-14.65,9,9,drawing,0,0,0,0,0,0,0,0,0,0,0
2047793,3,947642,J. Tobio Burgos,RW,Estudiantes,18.68,11.33,24.64,14.56,13,12,drawing,0,0,0,0,0,0,0,0,0,0,0
2047793,3,16289,L. Alario,CF,Estudiantes,40.37,4.42,47.84,6.32,18,18,drawing,0,0,1,0,0,1,1,1,1,0,0
2047793,3,35564,G. Rojas,LB,Racing Club,2.77,31.78,24.08,32.79,11,11,drawing,0,0,0,0,1,0,0,0,0,0,0
2047793,3,36516,T. Conechny,RF,Racing Club,21.24,17.83,35.04,9.02,12,18,drawing,0,0,0,0,0,0,0,0,0,0,0
2047793,3,38142,A. Martínez,CF,Racing Club,27.86,1.72,35.41,1.4,18,18,drawing,0,0,1,0,0,1,0,1,0,0,0
2047793,3,852686,A. Fernández,LM,Racing Club,16.16,28.37,29.37,22.13,12,17,drawing,0,0,0,0,0,0,0,0,0,0,0
2047793,3,36728,S. Sosa,DM,Racing Club,27.73,19.27,41.16,19.47,17,17,drawing,0,0,1,0,1,1,1,1,1,0,0
2047793,3,36516,T. Conechny,RF,Racing Club,40.59,6.29,44.35,7.05,18,18,drawing,0,0,0,0,0,1,0,1,0,0,0
2047793,3,852686,A. Fernández,LM,Racing Club,5.01,21.28,0.69,25.1,12,7,drawing,0,0,0,0,0,0,0,0,0,0,0
2047793,3,947642,J. Tobio Burgos,RW,Estudiantes,-13.4,12.91,-4.19,16.42,8,7,drawing,0,0,0,0,0,0,0,0,0,0,0
2047793,3,852686,A. Fernández,LM,Racing Club,0.78,2.6,12.74,27.66,8,12,drawing,0,0,1,0,0,0,0,0,0,0,0
2047793,3,36728,S. Sosa,DM,Racing Club,-7.39,2.64,-6.95,6.05,8,8,drawing,0,0,0,0,0,0,0,0,0,0,0
2047793,3,1535,B. Zuculini,LM,Racing Club,15.02,-2.84,32.47,-4.96,13,19,drawing,0,0,0,0,0,1,0,1,0,0,0
2047793,3,36516,T. Conechny,RF,Racing Club,26.96,-8.76,32.8,-17.27,14,19,drawing,0,0,0,0,0,1,0,1,0,0,0
2047793,3,35564,G. Rojas,LB,Racing Club,17.83,16.92,22.21,16.46,12,12,drawing,0,0,0,0,0,0,0,0,0,0,0
2047793,3,36516,T. Conechny,RF,Racing Club,34.04,-19.12,41.09,-13.59,19,19,drawing,1,1,0,0,0,1,0,1,0,0,0
2047793,3,38992,G. Martirena,RWB,Racing Club,23.67,-14.33,27.25,-25.77,14,15,drawing,0,0,1,0,0,0,0,0,0,0,0
2047793,3,38142,A. Martínez,CF,Racing Club,19.56,-20.4,29.33,-23.93,15,20,drawing,0,0,0,0,0,0,0,0,0,0,0
2047793,3,38142,A. Martínez,CF,Racing Club,36.78,-23.19,38.47,-17.34,20,19,drawing,0,1,0,0,0,1,0,1,0,0,0
2047793,3,38992,G. Martirena,RWB,Racing Club,26.32,-10.25,26.25,-21.86,14,15,drawing,0,0,0,0,0,0,0,0,0,0,0
2047793,3,123094,A. García Basso,LCB,Racing Club,-25.42,2.93,-29.27,13.22,3,2,drawing,0,0,0,0,0,0,0,0,0,0,0
2047793,3,1535,B. Zuculini,LM,Racing Club,13.4,-16.44,21.01,-24.8,14,15,drawing,0,0,0,0,0,0,0,0,0,0,0
2047793,4,1535,B. Zuculini,LM,Racing Club,25.0,-17.16,27.43,-24.45,14,20,drawing,0,0,1,0,0,0,0,0,0,0,0
2047793,4,38992,G. Martirena,RWB,Racing Club,43.63,29.75,22.65,30.09,16,11,drawing,0,0,0,0,0,0,0,0,0,0,0
2047793,4,115103,F. Pardo,CB,Racing Club,23.23,0.4,13.55,-0.07,13,13,drawing,0,0,0,0,0,0,0,0,0,0,0
2047793,4,35564,G. Rojas,LB,Racing Club,13.42,16.83,14.01,26.25,12,12,drawing,0,0,0,0,0,0,0,0,0,0,0
2047793,4,38992,G. Martirena,RWB,Racing Club,25.84,18.33,24.88,13.18,12,12,drawing,0,0,0,0,0,0,0,0,0,0,0
2047793,4,28677,N. Colombo,RCB,Racing Club,27.54,11.34,32.11,1.75,18,18,drawing,0,0,0,0,0,0,0,0,0,0,0
2047793,4,16289,L. Alario,CF,Estudiantes,14.57,1.87,12.19,-6.72,13,14,drawing,0,0,0,0,0,0,0,0,0,0,0
2047793,4,1535,B. Zuculini,LM,Racing Club,-13.27,-5.62,-8.26,-5.3,9,9,drawing,0,0,0,0,0,0,0,0,0,0,0
2047793,4,947642,J. Tobio Burgos,RW,Estudiantes,5.59,18.85,2.69,22.07,12,12,drawing,0,0,0,0,0,0,0,0,0,0,0
2047793,4,35612,G. Benedetti,LB,Estudiantes,-12.42,13.41,-7.16,25.98,7,7,drawing,0,0,0,0,1,0,0,0,0,0,0
2047793,4,947642,J. Tobio Burgos,RW,Estudiantes,2.38,22.42,22.37,32.68,12,11,drawing,1,0,0,0,0,1,0,0,0,1,0
2047793,4,5441,J. Sosa,LM,Estudiantes,5.0,9.79,4.08,16.39,13,12,drawing,0,0,0,0,0,0,0,0,0,0,0
2047793,4,25949,E. Cetré,LW,Estudiantes,32.96,-17.64,26.65,-25.77,19,15,drawing,0,0,0,0,0,0,0,0,0,0,0
2047793,4,25949,E. Cetré,LW,Estudiantes,17.31,-34.23,13.36,-33.74,15,15,drawing,0,0,0,0,0,0,0,0,0,0,0
2047793,4,569404,F. Rodríguez,LCB,Estudiantes,-15.22,1.35,-28.83,6.69,8,3,drawing,0,0,0,0,0,0,0,0,0,0,0
2047793,4,5441,J. Sosa,LM,Estudiantes,-15.1,-6.59,-8.33,-18.29,9,9,drawing,0,1,0,0,0,0,0,0,0,0,0
2047793,4,38992,G. Martirena,RWB,Racing Club,-17.15,-19.84,-14.21,-25.17,10,10,drawing,0,0,0,0,0,0,0,0,0,0,0
2047793,4,36679,E. Meza,RB,Estudiantes,-22.25,-11.8,-33.2,-22.75,9,5,drawing,0,0,0,0,0,0,0,0,0,0,0
2047793,4,16289,L. Alario,CF,Estudiantes,2.41,-7.09,1.43,-11.14,14,14,drawing,0,0,0,0,0,0,0,0,0,0,0
2047793,4,13084,S. Ascacíbar,RM,Estudiantes,-13.49,-9.94,-5.62,-16.68,9,9,drawing,0,0,0,0,0,0,0,0,0,0,0
2047793,4,35612,G. Benedetti,LB,Estudiantes,-6.89,21.62,-2.27,26.07,7,7,drawing,0,0,0,0,0,0,0,0,0,0,0
2047793,4,35612,G. Benedetti,LB,Estudiantes,6.4,29.97,11.04,31.72,11,11,drawing,0,1,0,0,0,0,0,0,0,0,0
2047793,4,13084,S. Ascacíbar,RM,Estudiantes,3.7,1.64,8.88,-9.44,13,14,drawing,0,0,0,0,0,0,0,0,0,0,0
2047793,4,13084,S. Ascacíbar,RM,Estudiantes,9.45,-12.76,10.12,-18.95,14,14,drawing,0,0,0,0,0,0,0,0,0,0,0
2047793,4,36679,E. Meza,RB,Estudiantes,19.98,-22.3,46.99,-22.19,15,20,drawing,1,1,1,0,1,1,1,0,0,1,1
2047793,4,16289,L. Alario,CF,Estudiantes,39.69,-3.36,44.97,-10.3,19,19,drawing,0,0,0,0,0,1,1,1,1,0,0
2047793,4,5441,J. Sosa,LM,Estudiantes,24.93,-7.54,29.8,-10.39,14,19,drawing,0,0,0,0,0,0,0,0,0,0,0
2047793,4,38992,G. Martirena,RWB,Racing Club,-28.79,-13.63,-15.71,-28.83,4,10,drawing,0,0,1,0,0,0,0,0,0,0,0
2047793,4,36516,T. Conechny,RF,Racing Club,26.04,20.44,18.51,28.24,12,12,drawing,0,0,0,0,0,0,0,0,0,0,0
2047793,4,38992,G. Martirena,RWB,Racing Club,26.84,-20.2,35.24,-10.45,15,19,drawing,1,1,0,1,0,0,0,0,0,0,0
2047793,4,5441,J. Sosa,LM,Estudiantes,-28.07,14.66,-22.59,18.87,2,7,drawing,0,0,0,0,0,0,0,0,0,0,0
2047793,4,38142,A. Martínez,CF,Racing Club,25.81,-15.83,38.36,-11.66,14,19,drawing,0,0,0,0,0,0,0,0,0,0,0
2047793,4,36516,T. Conechny,RF,Racing Club,24.27,-4.0,36.75,0.9,14,18,drawing,0,0,0,0,0,0,0,0,0,0,0
2047793,4,36679,E. Meza,RB,Estudiantes,-2.06,-9.04,2.18,-16.22,9,14,drawing,0,0,0,0,0,0,0,0,0,0,0
2047793,4,5441,J. Sosa,LM,Estudiantes,8.17,-9.87,11.59,-29.32,14,15,drawing,0,1,0,0,0,0,0,0,0,0,0
2047793,4,35612,G. Benedetti,LB,Estudiantes,-10.6,22.48,-12.8,26.71,7,7,drawing,0,0,0,0,0,0,0,0,0,0,0
2047793,4,947642,J. Tobio Burgos,RW,Estudiantes,-4.0,6.62,0.2,17.74,8,7,drawing,0,0,0,0,0,0,0,0,0,0,0
2047793,4,947642,J. Tobio Burgos,RW,Estudiantes,8.42,-2.79,5.6,-10.57,13,14,drawing,0,0,0,0,0,0,0,0,0,0,0
2047793,4,25949,E. Cetré,LW,Estudiantes,18.19,-33.91,23.5,-31.88,15,15,drawing,1,0,0,0,0,1,0,0,0,1,0
2047793,4,36516,T. Conechny,RF,Racing Club,10.64,-5.97,24.28,-2.46,14,13,drawing,1,0,0,0,0,1,0,1,0,0,0
2047793,4,38992,G. Martirena,RWB,Racing Club,-3.13,-15.82,29.91,-30.66,9,20,drawing,0,0,0,0,1,0,0,0,0,0,0
2047793,4,28677,N. Colombo,RCB,Racing Club,42.4,-12.02,39.95,-14.59,19,19,drawing,0,0,0,0,0,0,0,0,0,0,0
2047793,4,5441,J. Sosa,LM,Estudiantes,-23.29,13.97,-8.67,-9.58,7,9,drawing,0,0,0,0,0,0,0,0,0,0,0
2047793,4,25949,E. Cetré,LW,Estudiantes,-17.39,-31.29,-13.8,-32.65,10,10,drawing,0,0,0,0,0,0,0,0,0,0,0
2047793,4,16289,L. Alario,CF,Estudiantes,7.74,-11.7,11.64,-15.17,14,14,drawing,1,0,0,0,0,1,0,1,0,0,0
2047793,4,36679,E. Meza,RB,Estudiantes,12.4,-25.56,40.13,-10.46,15,19,drawing,0,0,0,0,0,0,0,0,0,0,0
2047793,4,16289,L. Alario,CF,Estudiantes,23.11,-7.35,34.14,-5.42,14,19,drawing,0,0,0,0,0,0,0,0,0,0,0
2047793,4,36516,T. Conechny,RF,Racing Club,-25.53,21.01,-21.73,15.92,2,7,drawing,0,0,0,0,0,0,0,0,0,0,0
2047793,4,1535,B. Zuculini,LM,Racing Club,-28.1,10.24,-21.05,6.95,3,8,drawing,0,0,0,0,0,0,0,0,0,0,0
2047793,4,36516,T. Conechny,RF,Racing Club,-21.25,15.68,-7.27,6.75,7,8,drawing,0,0,0,0,0,1,0,1,0,0,0
2047793,4,35564,G. Rojas,LB,Racing Club,-26.97,27.51,-18.87,26.47,2,7,drawing,0,0,1,0,0,0,0,0,0,0,0
2047793,4,852686,A. Fernández,LM,Racing Club,-27.53,18.55,-25.05,16.9,2,7,drawing,0,0,0,0,0,0,0,0,0,0,0
2047793,4,36516,T. Conechny,RF,Racing Club,-0.21,1.55,14.96,7.0,8,13,drawing,0,0,0,0,0,1,0,1,0,0,0
2047793,4,38142,A. Martínez,CF,Racing Club,7.49,11.38,13.57,9.8,13,13,drawing,1,0,0,0,0,1,0,1,0,0,0
2047793,4,38142,A. Martínez,CF,Racing Club,14.03,9.77,20.41,20.29,13,12,drawing,0,0,0,0,0,1,0,0,0,1,0
2047793,4,36728,S. Sosa,DM,Racing Club,-3.1,24.19,3.26,23.93,7,12,drawing,0,1,0,0,0,0,0,0,0,0,0
2047793,4,28677,N. Colombo,RCB,Racing Club,17.05,-27.55,25.38,-31.62,15,15,drawing,0,1,0,0,0,0,0,0,0,0,0
2047793,4,852686,A. Fernández,LM,Racing Club,17.3,-6.03,18.05,-12.05,14,14,drawing,0,0,0,0,0,0,0,0,0,0,0
2047793,4,35612,G. Benedetti,LB,Estudiantes,24.29,14.97,37.37,18.58,12,17,drawing,0,0,1,0,0,1,0,1,0,0,0
2047793,4,38992,G. Martirena,RWB,Racing Club,-32.29,-19.29,-24.63,-21.54,4,10,drawing,0,0,0,0,0,0,0,0,0,0,0
2047793,4,38992,G. Martirena,RWB,Racing Club,-24.2,-21.79,20.67,-30.79,10,15,drawing,0,0,0,0,0,0,0,0,0,0,0
2047793,4,36516,T. Conechny,RF,Racing Club,-19.06,-20.79,9.54,-15.36,10,14,drawing,0,0,0,0,0,0,0,0,0,0,0
2047793,4,852686,A. Fernández,LM,Racing Club,29.54,26.38,45.6,10.41,17,18,drawing,1,1,0,0,1,1,1,1,1,0,0
