match_id,period,player_id,player_name,player_position,team_shortname,x_start,y_start,x_end,y_end,start_zone,end_zone,game_state,rec_directa,presion_exitosa,lider_presion,part_cadena_presion,presion_solitario,cadena_presion_exitosa,presiones_consecutivas,presion_reduce_amenaza,presion_para_amenaza,duelo_ganado,duelo_perdido,obliga_a_retroceder
2047793,1,35564,G. Rojas,LB,Racing Club,-10.32,26.56,-6.43,31.1,7,6,drawing,0,0,0,0,1,0,0,0,0,0,0,0
2047793,1,36728,S. Sosa,DM,Racing Club,-11.7,22.96,-46.1,25.02,7,2,drawing,1,0,0,0,1,0,0,0,0,1,0,0
2047793,1,58765,T. Palacios,RW,Estudiantes,46.21,-25.39,38.17,-29.1,20,20,drawing,0,1,0,0,1,0,0,0,0,0,0,0
2047793,1,58765,T. Palacios,RW,Estudiantes,34.35,-25.96,41.32,-24.76,20,20,drawing,0,0,0,0,1,0,0,0,0,0,0,0
2047793,1,131530,S. Núñez,RCB,Estudiantes,28.55,-1.9,21.53,-0.47,18,13,drawing,0,0,0,0,1,0,0,0,0,0,0,0
2047793,1,36739,C. Medina,LM,Estudiantes,-15.33,-29.55,-15.68,-29.88,10,10,drawing,0,0,0,0,1,0,0,0,0,0,0,0
2047793,1,812900,R. Gómez,RB,Estudiantes,-27.23,-27.27,-26.77,-27.9,5,5,drawing,0,0,0,0,1,0,0,0,0,0,0,0
2047793,1,36739,C. Medina,LM,Estudiantes,-21.5,-28.1,-24.97,-27.66,10,10,drawing,0,0,0,0,1,0,1,0,0,0,0,0
2047793,1,28615,E. Piovi,DM,Estudiantes,-22.75,-3.74,-12.58,0.35,9,8,drawing,0,0,0,0,1,0,0,0,0,0,0,0
2047793,1,38610,S. Arzamendia,LB,Estudiantes,-35.85,21.36,-37.76,26.17,2,2,drawing,1,0,0,0,1,0,0,0,0,1,0,0
2047793,1,26252,J. Nardoni,RM,Racing Club,19.77,-20.83,18.16,-21.81,15,15,drawing,0,0,1,1,0,1,0,0,0,0,0,0
2047793,1,26252,J. Nardoni,RM,Racing Club,9.22,-22.13,8.01,-20.26,15,15,drawing,0,0,1,1,0,1,1,0,0,0,0,0
2047793,1,26252,J. Nardoni,RM,Racing Club,7.76,-19.43,11.02,-10.91,15,14,drawing,0,0,1,1,0,1,1,0,0,0,0,0
2047793,1,35671,D. Vergara,LF,Racing Club,18.56,7.58,21.08,3.71,13,13,drawing,0,0,1,1,0,1,0,0,0,0,0,0
2047793,1,123094,A. García Basso,LCB,Racing Club,-13.23,18.23,-8.63,21.7,7,7,drawing,0,0,0,0,1,0,0,0,0,0,0,0
2047793,1,528888,S. Solari,RF,Racing Club,3.05,-16.58,7.1,-13.76,14,14,drawing,0,0,1,1,0,1,0,0,0,0,0,1
2047793,1,38142,A. Martínez,CF,Racing Club,13.55,-4.0,20.84,-2.45,14,13,drawing,0,0,1,1,0,1,0,0,0,0,0,0
2047793,1,36728,S. Sosa,DM,Racing Club,-27.19,6.63,-25.24,7.82,3,8,drawing,0,1,0,0,1,0,0,0,0,0,0,0
2047793,1,13084,S. Ascacíbar,RM,Estudiantes,15.42,-12.97,15.25,-5.09,14,14,drawing,0,0,0,0,1,0,0,0,0,0,1,0
2047793,1,4110,G. Carrillo,CF,Estudiantes,6.64,5.52,3.1,10.02,13,13,drawing,0,1,0,0,1,0,0,0,0,0,0,0
2047793,1,35671,D. Vergara,LF,Racing Club,20.7,19.53,5.82,12.85,12,13,drawing,0,0,0,0,1,0,0,0,0,0,1,0
2047793,1,38142,A. Martínez,CF,Racing Club,5.82,4.9,12.49,-0.24,13,13,drawing,0,0,1,1,0,1,0,0,0,0,0,0
2047793,1,528888,S. Solari,RF,Racing Club,10.13,-18.06,13.39,-23.16,14,15,drawing,0,0,1,1,0,1,0,0,0,0,0,0
2047793,1,26252,J. Nardoni,RM,Racing Club,-5.15,-23.19,5.47,-19.93,10,15,drawing,0,1,1,1,0,1,0,0,0,0,0,0
2047793,1,36728,S. Sosa,DM,Racing Club,-27.04,24.36,-36.86,27.46,2,2,drawing,1,0,0,0,1,0,0,0,0,1,0,0
2047793,1,35671,D. Vergara,LF,Racing Club,-26.68,29.8,-35.44,27.77,1,2,drawing,0,1,0,0,1,0,0,0,0,0,0,0
2047793,1,58765,T. Palacios,RW,Estudiantes,37.98,-28.49,42.65,-31.22,20,20,drawing,0,1,0,0,1,0,0,0,0,0,0,0
2047793,1,35564,G. Rojas,LB,Racing Club,-40.54,25.86,-37.0,20.75,2,2,drawing,0,0,0,0,1,0,0,0,0,0,0,0
2047793,1,38142,A. Martínez,CF,Racing Club,-29.97,24.8,-30.54,23.27,2,2,drawing,0,0,0,0,1,0,0,0,0,0,0,0
2047793,1,123094,A. García Basso,LCB,Racing Club,-37.61,16.99,-37.29,16.9,2,2,drawing,0,0,0,0,1,0,0,0,0,0,0,0
2047793,1,28677,N. Colombo,RCB,Racing Club,-35.25,9.63,-34.64,10.97,3,3,drawing,0,1,0,0,1,0,0,0,0,0,0,0
2047793,1,36739,C. Medina,LM,Estudiantes,4.87,9.43,4.67,10.29,13,13,drawing,0,0,1,1,0,1,0,0,0,0,0,0
2047793,1,25949,E. Cetré,LW,Estudiantes,0.37,25.13,3.43,25.21,7,12,drawing,0,0,1,1,0,1,0,0,0,0,0,0
2047793,1,13084,S. Ascacíbar,RM,Estudiantes,4.43,-15.55,8.69,-18.53,14,14,drawing,0,0,0,0,1,0,0,0,0,0,0,0
2047793,1,13084,S. Ascacíbar,RM,Estudiantes,-12.11,-17.01,-5.7,-24.68,9,10,drawing,0,0,1,1,0,1,0,0,0,0,0,0
2047793,1,36739,C. Medina,LM,Estudiantes,-4.3,8.44,-4.63,14.33,8,7,drawing,0,1,1,1,0,1,0,0,0,0,0,0
2047793,1,38142,A. Martínez,CF,Racing Club,37.99,-1.87,38.88,-10.11,18,19,drawing,0,1,0,0,1,0,0,0,0,0,0,0
2047793,1,38610,S. Arzamendia,LB,Estudiantes,-35.76,14.87,-31.85,15.18,2,2,drawing,0,0,0,0,1,0,0,0,0,0,0,0
2047793,1,28615,E. Piovi,DM,Estudiantes,-35.26,8.57,-34.91,10.04,3,3,drawing,0,0,0,0,1,0,0,0,0,0,0,0
2047793,1,34536,L. González Pírez,LCB,Estudiantes,-36.5,12.37,-35.81,12.34,3,3,drawing,0,0,0,0,1,0,0,0,0,0,0,0
2047793,1,38610,S. Arzamendia,LB,Estudiantes,-37.72,21.3,-40.05,22.64,2,2,drawing,0,0,0,0,1,0,1,0,0,0,0,0
2047793,1,38142,A. Martínez,CF,Racing Club,29.43,12.98,23.41,17.98,18,12,drawing,0,0,1,1,0,1,0,0,0,0,0,0
2047793,1,123094,A. García Basso,LCB,Racing Club,-10.54,4.83,-6.8,3.06,8,8,drawing,0,1,1,1,0,1,0,0,0,0,0,0
2047793,1,26252,J. Nardoni,RM,Racing Club,-2.6,-3.54,-3.05,-2.32,9,8,drawing,1,0,1,1,0,1,0,0,0,1,0,0
2047793,1,4110,G. Carrillo,CF,Estudiantes,3.75,-1.74,3.56,-1.36,13,13,drawing,0,0,0,0,1,0,0,0,0,0,0,0
2047793,1,528888,S. Solari,RF,Racing Club,0.45,-21.88,2.7,-22.61,10,15,drawing,0,0,0,0,1,0,0,0,0,0,0,0
2047793,1,36728,S. Sosa,DM,Racing Club,-14.2,2.93,-18.23,7.91,8,8,drawing,0,1,0,0,1,0,0,0,0,0,0,0
2047793,1,13084,S. Ascacíbar,RM,Estudiantes,22.13,-13.83,22.06,-18.95,14,14,drawing,0,0,0,0,1,0,0,0,0,0,0,0
2047793,1,812900,R. Gómez,RB,Estudiantes,15.79,-25.22,19.32,-27.74,15,15,drawing,0,0,0,0,1,0,0,0,0,0,0,1
2047793,1,58765,T. Palacios,RW,Estudiantes,20.27,-24.27,19.33,-25.58,15,15,drawing,0,0,0,0,1,0,0,0,0,0,0,1
2047793,1,812900,R. Gómez,RB,Estudiantes,27.65,-29.23,34.16,-29.23,20,20,drawing,0,1,0,0,1,0,1,0,0,0,0,0
2047793,1,4110,G. Carrillo,CF,Estudiantes,36.07,-22.05,37.01,-24.41,20,20,drawing,0,1,0,0,1,0,0,0,0,0,0,0
2047793,1,35564,G. Rojas,LB,Racing Club,-13.4,22.59,-11.62,17.02,7,7,drawing,0,0,0,0,1,0,0,0,0,0,0,0
2047793,1,28747,E. Almendra,LM,Racing Club,-5.57,15.74,-13.71,13.54,7,7,drawing,0,0,0,0,1,0,0,0,0,0,0,0
2047793,1,123094,A. García Basso,LCB,Racing Club,-18.9,11.86,-33.72,13.63,8,2,drawing,0,0,0,0,1,0,0,0,0,0,0,0
2047793,1,26252,J. Nardoni,RM,Racing Club,-14.49,9.47,-32.16,11.96,8,3,drawing,0,0,0,0,1,0,0,0,0,0,0,0
2047793,1,123094,A. García Basso,LCB,Racing Club,-41.28,15.91,-38.48,29.5,2,1,drawing,0,0,0,0,1,0,1,0,0,0,0,0
2047793,1,28747,E. Almendra,LM,Racing Club,-33.84,23.91,-34.82,27.86,2,2,drawing,0,0,0,0,1,0,0,0,0,0,0,0
2047793,1,123094,A. García Basso,LCB,Racing Club,-37.29,28.89,-35.76,22.69,2,2,drawing,1,0,0,0,1,0,1,0,0,1,0,0
2047793,1,35564,G. Rojas,LB,Racing Club,-36.77,20.0,-35.52,18.84,2,2,drawing,0,1,0,0,1,0,0,0,0,0,0,0
2047793,1,58765,T. Palacios,RW,Estudiantes,32.82,-18.96,25.81,-27.17,19,15,drawing,0,0,1,1,0,1,0,0,0,0,0,0
2047793,1,25949,E. Cetré,LW,Estudiantes,24.78,7.74,32.45,-1.57,13,18,drawing,0,1,1,1,0,1,0,0,0,0,0,0
2047793,1,528888,S. Solari,RF,Racing Club,12.75,18.31,12.64,12.21,12,13,drawing,0,1,0,0,1,0,0,0,0,0,0,0
2047793,1,25949,E. Cetré,LW,Estudiantes,6.82,-0.9,21.16,19.25,13,12,drawing,0,1,0,0,1,0,0,0,0,0,0,0
2047793,1,528888,S. Solari,RF,Racing Club,8.37,-8.14,9.96,-27.98,14,15,drawing,0,0,0,0,1,0,0,0,0,0,0,0
2047793,1,38142,A. Martínez,CF,Racing Club,8.95,-13.07,12.1,-4.65,14,14,drawing,0,0,0,0,1,0,0,0,0,0,0,0
2047793,1,35671,D. Vergara,LF,Racing Club,-8.33,26.26,-11.37,23.65,7,7,drawing,0,0,0,0,1,0,0,0,0,0,0,0
2047793,1,26252,J. Nardoni,RM,Racing Club,-9.83,2.75,-6.12,3.27,8,8,drawing,0,0,1,1,0,1,0,0,0,0,0,0
2047793,1,26252,J. Nardoni,RM,Racing Club,-7.81,-0.08,-2.22,-10.45,8,9,drawing,0,0,1,1,0,1,1,0,0,0,0,1
2047793,1,28755,F. Mura,RB,Racing Club,-20.74,-28.66,-17.5,-31.03,10,10,drawing,0,0,1,1,0,1,0,0,0,0,0,0
2047793,1,13084,S. Ascacíbar,RM,Estudiantes,-8.02,-29.34,3.39,-28.09,10,15,drawing,0,0,0,0,1,0,0,0,0,0,0,0
2047793,1,36739,C. Medina,LM,Estudiantes,-2.73,18.22,2.58,11.37,7,13,drawing,0,0,0,0,1,0,0,0,0,0,0,0
2047793,1,812900,R. Gómez,RB,Estudiantes,-19.42,-8.89,-21.35,-0.44,9,8,drawing,0,0,0,0,1,0,0,0,1,0,0,0
2047793,1,58765,T. Palacios,RW,Estudiantes,-8.87,-6.95,-11.67,-7.08,9,9,drawing,0,0,0,0,1,0,0,0,0,0,0,0
2047793,1,13084,S. Ascacíbar,RM,Estudiantes,-12.58,1.27,-19.24,-2.34,8,8,drawing,0,0,0,0,1,0,0,0,0,0,0,0
2047793,1,28615,E. Piovi,DM,Estudiantes,-18.94,5.99,-22.33,1.88,8,8,drawing,0,0,0,0,1,0,0,0,1,0,0,0
2047793,1,28615,E. Piovi,DM,Estudiantes,-23.52,2.64,-25.27,4.44,8,8,drawing,0,0,0,0,1,0,1,0,0,0,0,0
2047793,1,38142,A. Martínez,CF,Racing Club,33.46,12.8,26.75,21.34,18,12,drawing,0,1,0,0,1,0,0,0,0,0,0,0
2047793,1,4110,G. Carrillo,CF,Estudiantes,10.0,-9.43,14.36,-8.68,14,14,drawing,0,1,0,0,1,0,0,0,0,0,0,0
2047793,1,528888,S. Solari,RF,Racing Club,13.32,-4.85,11.78,-12.94,14,14,drawing,0,0,1,1,0,1,0,0,0,0,0,1
2047793,1,38142,A. Martínez,CF,Racing Club,14.17,0.06,18.52,-7.03,13,14,drawing,0,0,1,1,0,1,0,0,0,0,0,0
2047793,1,812900,R. Gómez,RB,Estudiantes,-15.19,-28.73,-0.28,-17.25,10,9,drawing,0,0,0,0,1,0,0,0,0,0,0,1
2047793,1,13084,S. Ascacíbar,RM,Estudiantes,-12.28,-18.17,-8.88,-18.92,9,9,drawing,0,0,0,0,1,0,0,0,0,0,0,0
2047793,1,36739,C. Medina,LM,Estudiantes,-4.48,6.64,-3.56,14.21,8,7,drawing,0,1,0,0,1,0,0,0,0,0,0,0
2047793,1,25949,E. Cetré,LW,Estudiantes,-18.33,28.84,-18.12,26.14,7,7,drawing,0,0,0,0,1,0,0,0,0,0,0,0
2047793,1,28615,E. Piovi,DM,Estudiantes,-20.61,13.18,-20.89,13.37,7,7,drawing,0,1,0,0,1,0,0,0,0,0,0,0
2047793,1,38142,A. Martínez,CF,Racing Club,20.73,-19.21,21.02,-18.87,14,14,drawing,0,1,0,0,1,0,0,0,0,0,0,0
2047793,1,36739,C. Medina,LM,Estudiantes,-4.62,20.48,3.56,23.09,7,12,drawing,0,1,0,0,1,0,0,0,0,0,0,0
2047793,1,4110,G. Carrillo,CF,Estudiantes,-1.46,8.64,-8.21,7.7,8,8,drawing,1,0,0,0,1,0,0,0,0,1,0,0
2047793,1,38142,A. Martínez,CF,Racing Club,13.86,-4.69,4.42,-0.36,14,13,drawing,0,0,0,0,1,0,0,0,0,0,0,0
2047793,1,36728,S. Sosa,DM,Racing Club,-0.34,-5.87,0.32,-1.44,9,8,drawing,0,0,0,0,1,0,0,0,0,0,0,0
2047793,1,28677,N. Colombo,RCB,Racing Club,-5.52,-7.31,-25.74,-17.71,9,4,drawing,0,0,0,0,1,0,0,0,0,0,1,0
2047793,1,28755,F. Mura,RB,Racing Club,-35.59,-14.33,-43.55,-13.41,4,4,drawing,0,1,0,0,1,0,0,0,0,0,0,0
2047793,1,36739,C. Medina,LM,Estudiantes,29.93,29.88,32.08,27.6,16,17,drawing,0,0,0,0,1,0,0,0,0,0,0,0
2047793,1,28615,E. Piovi,DM,Estudiantes,-26.3,-15.2,-33.76,-13.58,4,4,drawing,0,1,0,0,1,0,0,0,0,0,0,0
2047793,1,812900,R. Gómez,RB,Estudiantes,-29.65,-18.28,-36.57,-18.39,4,4,drawing,0,0,0,0,1,0,0,0,0,0,0,0
2047793,1,35671,D. Vergara,LF,Racing Club,25.77,18.44,31.95,14.75,12,17,drawing,1,0,0,0,1,0,0,0,0,1,0,0
2047793,1,28615,E. Piovi,DM,Estudiantes,-38.54,-10.32,-41.62,-11.35,4,4,drawing,0,0,0,0,1,0,0,0,0,0,0,0
2047793,1,36728,S. Sosa,DM,Racing Club,-3.59,14.61,-4.13,13.5,7,7,drawing,0,0,0,0,1,0,0,0,0,0,0,0
2047793,1,28747,E. Almendra,LM,Racing Club,0.14,8.55,-2.51,12.4,8,8,drawing,0,0,1,1,0,1,0,0,0,0,0,0
2047793,1,35564,G. Rojas,LB,Racing Club,-9.8,24.23,-6.89,21.18,7,7,drawing,0,0,1,1,0,1,0,0,0,0,0,0
2047793,1,28747,E. Almendra,LM,Racing Club,-4.1,15.76,-5.1,18.29,7,7,drawing,0,0,1,1,0,1,1,0,0,0,0,0
2047793,1,36728,S. Sosa,DM,Racing Club,-8.81,16.59,-8.46,16.84,7,7,drawing,0,0,0,0,1,0,1,0,0,0,0,0
2047793,1,123094,A. García Basso,LCB,Racing Club,-12.85,20.7,-12.16,21.64,7,7,drawing,0,0,0,0,1,0,0,0,0,0,0,0
2047793,1,28747,E. Almendra,LM,Racing Club,-5.39,20.1,-4.03,21.71,7,7,drawing,0,0,1,1,0,1,1,0,0,0,0,0
2047793,1,35671,D. Vergara,LF,Racing Club,-2.24,26.16,-3.05,25.41,7,7,drawing,0,0,1,1,0,1,0,0,0,0,0,0
2047793,1,35564,G. Rojas,LB,Racing Club,-37.81,24.24,-38.99,20.26,2,2,drawing,0,0,0,0,1,0,0,0,0,0,0,0
2047793,1,35671,D. Vergara,LF,Racing Club,-23.92,21.15,-25.33,19.95,7,7,drawing,0,0,0,0,1,0,0,0,0,0,0,0
2047793,1,38142,A. Martínez,CF,Racing Club,-12.24,16.73,-15.96,16.79,7,7,drawing,0,0,0,0,1,0,0,0,0,0,0,0
2047793,1,35671,D. Vergara,LF,Racing Club,-26.5,24.53,-31.56,33.12,2,1,drawing,0,1,0,0,1,0,1,0,0,0,0,0
2047793,1,38142,A. Martínez,CF,Racing Club,-28.28,30.95,-39.62,28.48,1,2,drawing,0,1,0,0,1,0,0,0,0,0,0,0
2047793,1,812900,R. Gómez,RB,Estudiantes,47.67,-29.22,47.51,-29.09,20,20,drawing,0,0,1,1,0,1,0,0,0,0,0,0
2047793,1,36739,C. Medina,LM,Estudiantes,33.22,-25.01,27.9,-31.3,20,20,drawing,0,0,1,1,0,1,0,0,0,0,0,0
2047793,1,812900,R. Gómez,RB,Estudiantes,34.77,-26.77,32.41,-27.49,20,20,drawing,0,0,1,1,0,1,1,0,0,0,0,0
2047793,1,13084,S. Ascacíbar,RM,Estudiantes,25.43,-19.31,23.37,-24.09,14,15,drawing,0,0,1,1,0,1,0,0,0,0,1,0
2047793,1,36739,C. Medina,LM,Estudiantes,4.41,15.25,4.06,19.46,12,12,drawing,0,1,0,0,1,0,0,0,0,0,0,0
2047793,1,28755,F. Mura,RB,Racing Club,32.62,-20.08,46.58,-23.64,20,20,drawing,0,1,0,0,1,0,0,0,0,0,0,0
2047793,1,28677,N. Colombo,RCB,Racing Club,9.42,-26.55,11.99,-31.95,15,15,drawing,0,1,0,0,1,0,0,0,0,0,0,0
2047793,1,36739,C. Medina,LM,Estudiantes,-12.42,24.59,-8.69,26.41,7,7,drawing,0,1,0,0,1,0,0,0,0,0,0,0
2047793,1,123094,A. García Basso,LCB,Racing Club,-15.88,14.39,-29.69,24.99,7,2,drawing,0,1,0,0,1,0,0,0,0,0,0,0
2047793,1,35564,G. Rojas,LB,Racing Club,-18.97,23.15,-25.85,24.32,7,2,drawing,0,1,0,0,1,0,0,0,0,0,0,0
2047793,1,36739,C. Medina,LM,Estudiantes,18.48,9.75,20.9,5.59,13,13,drawing,0,0,1,1,0,1,0,0,0,0,0,0
2047793,1,28615,E. Piovi,DM,Estudiantes,6.24,3.75,11.59,2.1,13,13,drawing,0,0,1,1,0,1,0,0,0,0,0,0
2047793,1,28615,E. Piovi,DM,Estudiantes,15.3,0.15,21.94,-8.51,13,14,drawing,0,1,1,1,0,1,1,0,0,0,0,0
2047793,1,26252,J. Nardoni,RM,Racing Club,-8.47,16.57,-10.95,18.42,7,7,drawing,0,0,0,0,1,0,0,0,0,0,0,0
2047793,1,26252,J. Nardoni,RM,Racing Club,-10.84,17.99,-9.23,16.13,7,7,drawing,1,0,0,0,1,0,1,0,0,1,0,0
2047793,1,28747,E. Almendra,LM,Racing Club,0.56,12.79,-4.23,14.24,8,7,drawing,0,1,0,0,1,0,0,0,0,0,0,0
2047793,1,38142,A. Martínez,CF,Racing Club,-8.03,8.49,-9.21,10.15,8,8,drawing,0,1,0,0,1,0,0,0,0,0,0,0
2047793,1,4110,G. Carrillo,CF,Estudiantes,10.16,-20.22,9.98,-20.11,15,15,drawing,0,0,0,0,1,0,0,0,0,0,0,0
2047793,1,58765,T. Palacios,RW,Estudiantes,-7.53,-22.42,-7.41,-25.16,10,10,drawing,0,0,0,0,1,0,0,0,0,0,0,0
2047793,1,13084,S. Ascacíbar,RM,Estudiantes,-3.86,-19.99,-4.16,-21.49,10,10,drawing,0,0,0,0,1,0,0,0,0,0,0,0
2047793,1,58765,T. Palacios,RW,Estudiantes,-36.35,-20.14,-40.15,-17.57,5,4,drawing,0,1,0,0,1,0,0,0,0,0,0,0
2047793,1,35671,D. Vergara,LF,Racing Club,14.89,28.6,11.19,19.55,12,12,drawing,0,1,0,0,1,0,0,0,0,0,0,0
2047793,1,36728,S. Sosa,DM,Racing Club,9.4,24.48,12.38,21.17,12,12,drawing,0,1,0,0,1,0,0,0,0,0,0,0
2047793,1,528888,S. Solari,RF,Racing Club,14.57,17.39,11.06,17.1,12,12,drawing,0,1,0,0,1,0,0,0,0,0,0,0
2047793,1,4110,G. Carrillo,CF,Estudiantes,-6.02,-12.21,-6.41,-4.92,9,9,drawing,0,0,0,0,1,0,0,0,0,0,0,0
2047793,1,13084,S. Ascacíbar,RM,Estudiantes,-4.18,-13.48,-5.94,-11.71,9,9,drawing,0,0,0,0,1,0,0,0,0,0,0,0
2047793,1,13084,S. Ascacíbar,RM,Estudiantes,-11.53,-19.26,-11.61,-20.23,9,10,drawing,0,0,0,0,1,0,0,0,0,0,0,0
2047793,1,58765,T. Palacios,RW,Estudiantes,-21.16,-23.5,-20.14,-24.37,10,10,drawing,0,0,0,0,1,0,0,0,0,0,0,0
2047793,1,13084,S. Ascacíbar,RM,Estudiantes,-12.07,-21.71,-12.58,-22.39,10,10,drawing,0,0,0,0,1,0,1,0,0,0,0,0
2047793,1,13084,S. Ascacíbar,RM,Estudiantes,-12.48,-23.2,-9.49,-21.3,10,10,drawing,0,0,0,0,1,0,1,0,0,0,0,0
2047793,1,13084,S. Ascacíbar,RM,Estudiantes,-9.47,-21.01,-7.68,-24.22,10,10,drawing,0,0,0,0,1,0,1,0,0,0,0,0
2047793,1,13084,S. Ascacíbar,RM,Estudiantes,-9.01,-22.98,-7.31,-24.72,10,10,drawing,0,0,0,0,1,0,1,0,0,0,0,0
2047793,1,58765,T. Palacios,RW,Estudiantes,-21.36,-26.03,-34.28,-31.65,10,5,drawing,0,0,0,0,1,0,0,0,0,0,0,0
2047793,1,38142,A. Martínez,CF,Racing Club,38.44,0.85,35.56,8.9,18,18,drawing,0,0,0,0,1,0,0,0,0,0,0,0
2047793,1,28615,E. Piovi,DM,Estudiantes,-29.35,-14.22,-31.05,-15.23,4,4,drawing,0,0,0,0,1,0,0,0,0,0,0,0
2047793,1,812900,R. Gómez,RB,Estudiantes,-38.08,-19.51,-41.47,-23.91,5,5,drawing,0,0,0,0,1,0,0,0,0,0,0,0
2047793,1,28615,E. Piovi,DM,Estudiantes,-36.53,-20.38,-31.39,-22.96,5,5,drawing,0,0,0,0,1,0,1,0,0,0,0,0
2047793,1,36739,C. Medina,LM,Estudiantes,-23.15,26.09,-23.55,28.0,7,7,drawing,0,0,0,0,1,0,0,0,0,0,0,0
2047793,1,25949,E. Cetré,LW,Estudiantes,-16.74,22.3,-19.3,22.09,7,7,drawing,0,0,0,0,1,0,0,0,0,0,0,0
2047793,1,36739,C. Medina,LM,Estudiantes,-24.47,27.86,-25.16,19.75,7,7,drawing,0,1,0,0,1,0,1,0,0,0,0,0
2047793,1,28615,E. Piovi,DM,Estudiantes,-26.72,16.56,-26.0,16.1,2,2,drawing,1,0,0,0,1,0,0,0,0,1,0,0
2047793,1,26252,J. Nardoni,RM,Racing Club,22.1,-14.0,22.58,-14.57,14,14,drawing,0,0,0,0,1,0,0,0,0,0,0,0
2047793,1,528888,S. Solari,RF,Racing Club,23.67,-18.09,23.03,-16.35,14,14,drawing,0,0,0,0,1,0,0,0,0,0,0,0
2047793,1,528888,S. Solari,RF,Racing Club,22.99,-16.3,24.58,-13.98,14,14,drawing,0,0,1,1,0,1,1,0,0,0,0,0
2047793,1,38142,A. Martínez,CF,Racing Club,30.18,-11.91,27.64,-12.61,19,19,drawing,0,0,1,1,0,1,0,0,0,0,0,0
2047793,1,26252,J. Nardoni,RM,Racing Club,21.85,-14.14,21.76,-12.35,14,14,drawing,0,0,1,1,0,1,1,0,0,0,0,0
2047793,1,26252,J. Nardoni,RM,Racing Club,21.72,-11.59,20.11,-6.55,14,14,drawing,0,1,1,1,0,1,1,0,0,0,0,0
2047793,1,28747,E. Almendra,LM,Racing Club,18.55,-1.28,19.96,-1.46,13,13,drawing,1,0,1,1,0,1,0,0,0,1,0,0
2047793,1,28615,E. Piovi,DM,Estudiantes,-21.69,3.25,-19.91,-0.22,8,8,drawing,0,0,0,0,1,0,0,1,0,0,0,1
2047793,1,58765,T. Palacios,RW,Estudiantes,-20.84,-24.67,-20.79,-24.96,10,10,drawing,0,0,0,0,1,0,0,0,0,0,0,0
2047793,1,13084,S. Ascacíbar,RM,Estudiantes,-16.13,-17.49,-13.19,-25.15,9,10,drawing,0,0,0,0,1,0,0,0,0,0,0,0
2047793,1,28615,E. Piovi,DM,Estudiantes,-22.86,-10.3,-14.62,-11.25,9,9,drawing,0,1,0,0,1,0,0,0,0,0,0,0
2047793,1,36739,C. Medina,LM,Estudiantes,-14.94,6.16,-13.83,10.25,8,8,drawing,0,1,0,0,1,0,0,0,0,0,0,0
2047793,1,38142,A. Martínez,CF,Racing Club,24.93,-4.48,21.95,-3.31,14,14,drawing,0,0,1,1,0,1,0,0,0,0,0,1
2047793,1,38142,A. Martínez,CF,Racing Club,22.53,10.95,14.2,23.28,13,12,drawing,0,1,1,1,0,1,1,0,0,0,0,0
2047793,1,35564,G. Rojas,LB,Racing Club,10.76,23.54,10.89,24.7,12,12,drawing,0,1,0,0,1,0,0,0,0,0,0,0
2047793,1,36739,C. Medina,LM,Estudiantes,0.14,15.65,-3.63,20.57,7,7,drawing,0,0,1,1,0,1,0,0,0,0,0,0
2047793,1,25949,E. Cetré,LW,Estudiantes,-9.72,27.76,-9.55,28.94,7,7,drawing,0,0,1,1,0,1,0,0,0,0,0,0
2047793,1,13084,S. Ascacíbar,RM,Estudiantes,-18.97,-23.79,-20.3,-28.06,10,10,drawing,0,1,0,0,1,0,0,0,0,0,0,0
2047793,1,38142,A. Martínez,CF,Racing Club,26.89,18.64,21.92,18.94,12,12,drawing,0,1,0,0,1,0,0,0,0,0,0,0
2047793,1,35564,G. Rojas,LB,Racing Club,17.87,26.04,17.77,22.51,12,12,drawing,0,1,0,0,1,0,0,0,0,0,0,0
2047793,1,4110,G. Carrillo,CF,Estudiantes,15.68,4.62,21.55,8.71,13,13,drawing,0,0,0,0,1,0,0,0,0,0,0,0
2047793,1,28747,E. Almendra,LM,Racing Club,10.15,-19.12,12.56,-23.77,14,15,drawing,0,0,0,0,1,0,0,0,0,0,0,0
2047793,1,28747,E. Almendra,LM,Racing Club,13.12,-24.62,15.9,-31.38,15,15,drawing,0,1,0,0,1,0,1,0,0,0,0,0
2047793,1,28677,N. Colombo,RCB,Racing Club,-14.1,-20.88,-16.73,-18.99,10,9,drawing,0,0,0,0,1,0,0,0,0,0,0,0
2047793,1,123094,A. García Basso,LCB,Racing Club,-26.55,-8.52,-25.31,-3.66,4,9,drawing,0,0,0,0,1,0,0,0,0,0,0,0
2047793,1,35564,G. Rojas,LB,Racing Club,-34.97,7.47,-41.87,10.67,3,3,drawing,0,0,0,0,1,0,0,0,0,0,0,0
2047793,1,4110,G. Carrillo,CF,Estudiantes,39.67,-1.2,39.58,-0.99,18,18,drawing,0,1,0,0,1,0,0,0,0,0,0,0
2047793,1,34536,L. González Pírez,LCB,Estudiantes,-17.46,-2.5,-15.09,-10.68,8,9,drawing,0,0,0,0,1,0,0,0,0,0,0,0
2047793,1,28615,E. Piovi,DM,Estudiantes,-10.23,-10.49,-13.13,-10.33,9,9,drawing,0,0,0,0,1,0,0,0,0,0,1,0
2047793,1,528888,S. Solari,RF,Racing Club,23.51,-34.42,41.93,-33.08,15,20,drawing,0,0,0,0,1,0,0,0,0,0,0,0
2047793,1,28615,E. Piovi,DM,Estudiantes,-20.77,5.59,-15.72,0.23,8,8,drawing,0,0,0,0,1,0,0,0,0,0,0,0
2047793,1,13084,S. Ascacíbar,RM,Estudiantes,-14.88,-27.16,-9.87,-27.34,10,10,drawing,0,0,0,0,1,0,0,0,0,0,0,0
2047793,1,58765,T. Palacios,RW,Estudiantes,-20.85,-21.58,-11.34,-23.53,10,10,drawing,0,0,1,1,0,1,0,0,0,0,0,0
2047793,1,4110,G. Carrillo,CF,Estudiantes,2.96,-4.17,4.19,-4.4,14,14,drawing,0,0,1,1,0,1,0,0,0,0,0,0
2047793,1,13084,S. Ascacíbar,RM,Estudiantes,-2.04,-23.21,-0.55,-26.49,10,10,drawing,0,1,0,0,1,0,0,0,0,0,0,0
2047793,1,38142,A. Martínez,CF,Racing Club,26.44,5.46,30.38,8.73,13,18,drawing,0,0,0,0,1,0,0,0,0,0,0,0
2047793,1,26252,J. Nardoni,RM,Racing Club,12.82,18.18,14.4,19.01,12,12,drawing,0,0,0,0,1,0,0,0,0,0,0,0
2047793,1,528888,S. Solari,RF,Racing Club,13.53,-14.29,17.25,-19.15,14,14,drawing,0,0,1,1,0,1,0,0,0,0,0,1
2047793,1,38142,A. Martínez,CF,Racing Club,25.8,-11.01,33.5,-10.69,14,19,drawing,0,0,1,1,0,1,0,0,0,0,0,0
2047793,1,38142,A. Martínez,CF,Racing Club,42.03,-1.01,44.76,5.25,18,18,drawing,0,0,1,1,0,1,1,0,0,0,0,0
2047793,1,35564,G. Rojas,LB,Racing Club,-5.61,17.6,-2.19,30.09,7,6,drawing,0,0,1,1,0,1,0,0,0,0,0,0
2047793,1,123094,A. García Basso,LCB,Racing Club,-30.88,9.49,-33.65,9.57,3,3,drawing,0,0,0,0,1,0,0,0,0,0,0,0
2047793,1,28747,E. Almendra,LM,Racing Club,-39.54,-21.18,-32.66,-27.36,5,5,drawing,0,1,0,0,1,0,0,0,0,0,0,0
2047793,1,35564,G. Rojas,LB,Racing Club,-22.85,-9.08,-24.13,-1.44,9,8,drawing,0,0,0,0,1,0,0,0,0,0,0,0
2047793,1,35671,D. Vergara,LF,Racing Club,-27.07,6.1,-26.73,4.37,3,3,drawing,0,0,0,0,1,0,0,0,0,0,0,0
2047793,1,36739,C. Medina,LM,Estudiantes,36.26,18.42,38.77,24.53,17,17,drawing,0,1,0,0,1,0,0,0,0,0,0,0
2047793,1,528888,S. Solari,RF,Racing Club,36.57,13.67,37.64,11.82,17,18,drawing,0,0,0,0,1,0,0,0,0,0,0,0
2047793,1,35671,D. Vergara,LF,Racing Club,29.74,22.72,34.2,19.58,17,17,drawing,1,0,0,0,1,0,0,0,0,1,0,0
2047793,1,812900,R. Gómez,RB,Estudiantes,-35.21,-18.93,-32.64,-25.85,4,5,drawing,0,0,0,0,1,0,0,0,0,0,0,0
2047793,1,812900,R. Gómez,RB,Estudiantes,-32.17,-26.62,-29.53,-29.79,5,5,drawing,0,0,0,0,1,0,1,0,0,0,0,0
2047793,1,58765,T. Palacios,RW,Estudiantes,-23.92,-24.6,-21.77,-29.89,10,10,drawing,0,0,0,0,1,0,0,0,0,0,0,0
2047793,1,4110,G. Carrillo,CF,Estudiantes,-9.67,-15.75,-10.89,-20.94,9,10,drawing,0,0,0,0,1,0,0,0,0,0,0,1
2047793,1,28747,E. Almendra,LM,Racing Club,20.98,18.53,21.92,16.46,12,12,drawing,0,1,0,0,1,0,0,0,0,0,0,0
2047793,1,38142,A. Martínez,CF,Racing Club,24.16,7.42,23.78,7.66,13,13,drawing,0,1,0,0,1,0,0,0,0,0,0,0
2047793,1,28615,E. Piovi,DM,Estudiantes,-27.39,-4.94,-30.73,-9.76,4,4,drawing,0,0,0,0,1,0,0,0,0,0,0,0
2047793,1,58765,T. Palacios,RW,Estudiantes,-23.93,-11.02,-25.59,-11.7,9,4,drawing,0,0,0,0,1,0,0,0,0,0,0,0
2047793,1,812900,R. Gómez,RB,Estudiantes,-35.87,-16.69,-39.5,-20.74,4,5,drawing,0,0,0,0,1,0,0,0,0,0,0,0
2047793,1,58765,T. Palacios,RW,Estudiantes,-33.57,-17.99,-35.99,-19.99,4,5,drawing,0,0,0,0,1,0,1,0,0,0,0,0
2047793,1,812900,R. Gómez,RB,Estudiantes,-40.24,-21.22,-47.62,-23.04,5,5,drawing,0,1,0,0,1,0,1,0,1,0,0,0
2047793,1,28747,E. Almendra,LM,Racing Club,18.03,11.23,8.79,18.93,13,12,drawing,0,0,0,0,1,0,0,0,0,0,0,0
2047793,1,35671,D. Vergara,LF,Racing Club,8.05,23.95,9.33,25.24,12,12,drawing,0,0,0,0,1,0,0,0,0,0,0,0
2047793,1,28677,N. Colombo,RCB,Racing Club,3.73,7.61,-19.04,11.57,13,8,drawing,0,0,0,0,1,0,0,0,0,0,0,0
2047793,1,123094,A. García Basso,LCB,Racing Club,-29.96,1.67,-30.0,-2.39,3,3,drawing,0,0,0,0,1,0,0,0,0,0,0,0
2047793,1,28755,F. Mura,RB,Racing Club,-35.4,-7.1,-47.51,-25.21,4,5,drawing,0,0,0,0,1,0,0,1,0,0,0,0
2047793,1,123094,A. García Basso,LCB,Racing Club,-41.11,-16.4,-31.09,-22.04,4,5,drawing,0,0,0,0,1,0,0,0,0,0,0,0
2047793,1,28747,E. Almendra,LM,Racing Club,17.62,20.09,19.17,20.98,12,12,drawing,0,1,0,0,1,0,0,0,0,0,0,0
2047793,1,28747,E. Almendra,LM,Racing Club,19.97,21.69,19.85,20.83,12,12,drawing,0,0,0,0,1,0,1,0,0,0,0,0
2047793,1,38142,A. Martínez,CF,Racing Club,24.87,21.24,25.03,19.79,12,12,drawing,0,1,0,0,1,0,0,0,0,0,0,0
2047793,1,4110,G. Carrillo,CF,Estudiantes,-0.01,-11.03,14.82,-16.1,9,14,drawing,0,0,0,0,1,0,0,0,0,0,1,0
2047793,1,58765,T. Palacios,RW,Estudiantes,-20.39,-24.33,-15.65,-30.88,10,10,drawing,0,0,0,0,1,0,0,0,0,0,0,0
2047793,1,36739,C. Medina,LM,Estudiantes,1.23,9.3,1.46,9.74,13,13,drawing,0,0,1,1,0,1,0,0,0,0,0,0
2047793,1,25949,E. Cetré,LW,Estudiantes,-23.93,22.62,-37.54,25.91,7,2,drawing,0,0,1,1,0,1,0,0,1,0,0,0
2047793,1,28755,F. Mura,RB,Racing Club,-6.4,-17.82,-6.26,-9.46,9,9,drawing,0,0,0,0,1,0,0,0,0,0,1,0
2047793,1,38142,A. Martínez,CF,Racing Club,1.4,-12.46,-4.4,-9.16,14,9,drawing,0,0,0,0,1,0,0,0,0,0,0,0
2047793,1,38142,A. Martínez,CF,Racing Club,-5.91,-1.84,-4.96,-4.22,8,9,drawing,0,0,0,0,1,0,0,0,0,0,0,0
2047793,1,28747,E. Almendra,LM,Racing Club,-9.84,-2.8,-7.8,-7.72,8,9,drawing,0,0,0,0,1,0,0,0,0,0,0,0
2047793,1,528888,S. Solari,RF,Racing Club,-4.52,-23.92,-0.61,-26.02,10,10,drawing,0,1,0,0,1,0,0,0,0,0,0,0
2047793,1,58765,T. Palacios,RW,Estudiantes,-27.63,-27.22,-28.03,-31.11,5,5,drawing,0,0,0,0,1,0,0,0,0,0,0,0
2047793,1,812900,R. Gómez,RB,Estudiantes,-29.95,-24.87,-28.69,-25.78,5,5,drawing,0,0,0,0,1,0,0,0,0,0,0,0
2047793,1,58765,T. Palacios,RW,Estudiantes,-29.65,-29.07,-45.42,-24.15,5,5,drawing,0,1,0,0,1,0,1,0,0,0,0,0
2047793,1,35671,D. Vergara,LF,Racing Club,32.45,12.81,33.43,15.2,18,17,drawing,0,0,0,0,1,0,0,0,0,0,0,0
2047793,1,38142,A. Martínez,CF,Racing Club,36.24,11.38,35.36,12.88,18,18,drawing,0,0,0,0,1,0,0,0,0,0,0,0
2047793,1,36739,C. Medina,LM,Estudiantes,10.7,6.89,10.12,12.35,13,13,drawing,0,0,0,0,1,0,0,0,0,0,0,0
2047793,1,36739,C. Medina,LM,Estudiantes,2.51,17.8,2.89,18.4,12,12,drawing,0,0,1,1,0,1,0,0,0,0,0,0
2047793,1,28615,E. Piovi,DM,Estudiantes,-16.74,18.56,-16.3,14.53,7,7,drawing,0,1,1,1,0,1,0,0,0,0,0,0
2047793,1,36728,S. Sosa,DM,Racing Club,4.65,-15.28,-3.74,-21.72,14,10,drawing,0,0,0,0,1,0,0,0,0,0,0,0
2047793,1,528888,S. Solari,RF,Racing Club,6.15,-23.21,1.24,-23.61,15,15,drawing,0,0,0,0,1,0,0,0,0,0,0,0
2047793,1,28677,N. Colombo,RCB,Racing Club,-15.92,-27.11,-16.02,-33.9,10,10,drawing,0,0,0,0,1,0,0,0,0,0,1,0
2047793,1,36728,S. Sosa,DM,Racing Club,-26.28,-24.59,-42.43,-13.84,5,4,drawing,0,1,0,0,1,0,1,0,1,0,0,0
2047793,1,528888,S. Solari,RF,Racing Club,-35.38,-15.69,-38.53,-17.37,4,4,drawing,0,0,0,0,1,0,1,0,0,0,0,0
2047793,1,123094,A. García Basso,LCB,Racing Club,-43.1,-5.65,-44.37,-7.5,4,4,drawing,1,0,0,0,1,0,0,0,0,1,0,0
2047793,1,13084,S. Ascacíbar,RM,Estudiantes,40.98,7.42,41.02,7.69,18,18,drawing,0,0,0,0,1,0,0,0,0,0,0,0
2047793,1,25949,E. Cetré,LW,Estudiantes,44.64,15.84,43.83,26.76,17,17,drawing,0,1,0,0,1,0,0,0,0,0,0,0
2047793,1,28755,F. Mura,RB,Racing Club,-9.15,-20.1,-6.41,-21.78,10,10,drawing,0,1,0,0,1,0,0,0,0,0,0,0
2047793,1,38142,A. Martínez,CF,Racing Club,2.46,-20.5,1.77,-21.08,15,15,drawing,1,0,0,0,1,0,0,0,0,1,0,0
2047793,1,38610,S. Arzamendia,LB,Estudiantes,1.9,26.26,2.25,25.95,12,12,drawing,0,0,0,0,1,0,0,0,0,0,0,0
2047793,1,38610,S. Arzamendia,LB,Estudiantes,2.61,25.66,5.68,24.64,12,12,drawing,0,0,1,1,0,1,1,0,0,0,0,0
2047793,1,58765,T. Palacios,RW,Estudiantes,15.22,-2.27,-2.72,-6.44,13,9,drawing,0,0,1,1,0,1,0,0,0,0,1,0
2047793,1,35564,G. Rojas,LB,Racing Club,-21.45,24.16,-32.8,29.08,7,2,drawing,0,0,0,0,1,0,0,0,0,0,0,0
2047793,1,36728,S. Sosa,DM,Racing Club,-22.76,20.84,-27.4,22.71,7,2,drawing,0,0,0,0,1,0,0,0,0,0,0,0
2047793,1,35671,D. Vergara,LF,Racing Club,-31.38,24.89,-26.55,20.3,2,2,drawing,0,0,0,0,1,0,0,0,0,0,0,0
2047793,1,28755,F. Mura,RB,Racing Club,-33.75,-12.14,-26.25,-22.62,4,5,drawing,0,0,0,0,1,0,0,0,0,0,0,0
2047793,1,528888,S. Solari,RF,Racing Club,-19.69,-20.93,-23.67,-23.72,10,10,drawing,0,0,0,0,1,0,0,0,0,0,0,0
2047793,1,28755,F. Mura,RB,Racing Club,-27.36,-22.6,-29.29,-23.14,5,5,drawing,0,1,0,0,1,0,1,0,0,0,0,0
2047793,1,28747,E. Almendra,LM,Racing Club,-20.4,-8.34,-12.17,-7.76,9,9,drawing,0,0,0,0,1,0,0,0,0,0,0,0
2047793,1,26252,J. Nardoni,RM,Racing Club,-13.86,-19.37,-8.78,-18.16,10,9,drawing,0,0,0,0,1,0,0,0,0,0,0,1
2047793,1,26252,J. Nardoni,RM,Racing Club,-0.35,-20.65,3.0,-18.77,10,14,drawing,0,0,0,0,1,0,0,0,0,0,0,1
2047793,1,38142,A. Martínez,CF,Racing Club,16.44,8.58,17.39,11.11,13,13,drawing,0,0,0,0,1,0,0,0,0,0,0,0
2047793,1,123094,A. García Basso,LCB,Racing Club,-15.48,0.93,-10.99,-4.6,8,9,drawing,0,0,1,1,0,1,0,0,0,0,0,0
2047793,1,36728,S. Sosa,DM,Racing Club,-14.81,-12.41,-19.09,-11.02,9,9,drawing,0,0,1,1,0,1,0,0,0,0,0,0
2047793,1,35671,D. Vergara,LF,Racing Club,-18.53,1.1,-23.51,0.67,8,8,drawing,0,0,0,0,1,0,0,0,0,0,0,0
2047793,1,28755,F. Mura,RB,Racing Club,-38.46,-18.92,-37.27,-18.4,4,4,drawing,0,1,0,0,1,0,0,0,0,0,0,0
2047793,1,13084,S. Ascacíbar,RM,Estudiantes,-7.26,-2.53,-7.45,-8.37,8,9,drawing,0,0,0,0,1,0,0,0,0,0,0,0
2047793,1,58765,T. Palacios,RW,Estudiantes,20.63,-25.62,28.73,-21.4,15,20,drawing,0,1,0,0,1,0,0,0,0,0,0,0
2047793,1,528888,S. Solari,RF,Racing Club,15.37,15.6,32.42,31.23,12,16,drawing,0,1,0,0,1,0,0,0,0,0,0,0
2047793,2,13084,S. Ascacíbar,RM,Estudiantes,16.94,-6.59,20.95,-6.3,14,14,drawing,0,0,1,1,0,1,0,0,0,0,0,0
2047793,2,13084,S. Ascacíbar,RM,Estudiantes,21.63,-6.15,21.54,-3.49,14,14,drawing,0,1,1,1,0,1,1,0,0,0,0,0
2047793,2,4110,G. Carrillo,CF,Estudiantes,21.44,1.07,22.79,-0.32,13,13,drawing,0,1,1,1,0,1,0,0,0,0,0,0
2047793,2,58765,T. Palacios,RW,Estudiantes,26.37,-12.23,27.63,-11.23,14,19,drawing,0,0,0,0,1,0,0,0,0,0,0,0
2047793,2,58765,T. Palacios,RW,Estudiantes,27.93,-11.23,20.93,-20.73,19,15,drawing,0,0,0,0,1,0,1,0,0,0,0,0
2047793,2,812900,R. Gómez,RB,Estudiantes,27.39,-20.4,20.31,-28.14,20,15,drawing,0,0,0,0,1,0,0,0,0,0,0,0
2047793,2,13084,S. Ascacíbar,RM,Estudiantes,29.57,-15.99,21.62,-27.29,19,15,drawing,0,0,0,0,1,0,0,0,0,0,0,0
2047793,2,58765,T. Palacios,RW,Estudiantes,21.69,-17.01,24.31,-12.96,14,14,drawing,0,1,0,0,1,0,0,0,0,0,0,0
2047793,2,36739,C. Medina,LM,Estudiantes,12.45,-8.49,14.98,-7.58,14,14,drawing,0,1,0,0,1,0,0,0,0,0,0,0
2047793,2,812900,R. Gómez,RB,Estudiantes,-30.89,-27.07,-30.49,-29.93,5,5,drawing,0,1,0,0,1,0,0,0,0,0,0,0
2047793,2,35671,D. Vergara,LF,Racing Club,30.28,25.02,32.26,25.57,17,17,drawing,0,0,0,0,1,0,0,0,0,0,0,0
2047793,2,28747,E. Almendra,LM,Racing Club,21.32,22.53,21.47,23.71,12,12,drawing,0,0,0,0,1,0,0,0,0,0,0,0
2047793,2,36728,S. Sosa,DM,Racing Club,17.37,27.38,17.87,26.53,12,12,drawing,0,0,0,0,1,0,0,0,0,0,0,0
2047793,2,36739,C. Medina,LM,Estudiantes,-5.9,-4.69,-0.45,2.8,9,8,drawing,0,1,0,0,1,0,0,0,0,0,0,0
2047793,2,36728,S. Sosa,DM,Racing Club,-14.82,0.05,-16.9,-1.45,8,8,drawing,0,0,0,0,1,0,0,0,0,0,0,0
2047793,2,123094,A. García Basso,LCB,Racing Club,-38.63,9.99,-49.36,13.54,3,2,drawing,0,0,0,0,1,0,0,0,0,0,0,0
2047793,2,58765,T. Palacios,RW,Estudiantes,33.02,-14.45,33.61,-11.01,19,19,drawing,0,0,0,0,1,0,0,0,0,0,0,1
2047793,2,58765,T. Palacios,RW,Estudiantes,7.69,-26.86,-11.46,-23.6,15,10,drawing,0,0,0,0,1,0,0,0,0,0,0,0
2047793,2,36739,C. Medina,LM,Estudiantes,-14.5,-13.78,-9.87,-14.51,9,9,drawing,0,0,1,1,0,1,0,0,0,0,0,0
2047793,2,58765,T. Palacios,RW,Estudiantes,-6.79,-24.46,-2.86,-23.79,10,10,drawing,0,0,1,1,0,1,0,0,0,0,0,0
2047793,2,36739,C. Medina,LM,Estudiantes,2.06,-11.88,5.05,-10.28,14,14,drawing,0,0,1,1,0,1,0,0,0,0,0,0
2047793,2,4110,G. Carrillo,CF,Estudiantes,3.87,20.63,5.5,21.19,12,12,drawing,0,0,1,1,0,1,0,0,0,0,0,0
2047793,2,36739,C. Medina,LM,Estudiantes,18.15,-3.48,21.65,-3.58,14,14,drawing,0,0,1,1,0,1,0,0,0,0,0,0
2047793,2,58765,T. Palacios,RW,Estudiantes,14.57,-22.24,20.23,-22.28,15,15,drawing,0,0,1,1,0,1,0,0,0,0,0,0
2047793,2,4110,G. Carrillo,CF,Estudiantes,20.16,29.64,20.23,28.74,11,12,drawing,0,1,0,0,1,0,0,0,0,0,0,0
2047793,2,38142,A. Martínez,CF,Racing Club,-5.19,-29.27,-2.32,-26.71,10,10,drawing,0,0,0,0,1,0,0,0,0,0,0,0
2047793,2,26252,J. Nardoni,RM,Racing Club,-7.98,-25.59,-5.78,-31.64,10,10,drawing,0,1,0,0,1,0,0,0,0,0,0,0
2047793,2,13084,S. Ascacíbar,RM,Estudiantes,6.36,8.87,10.83,9.63,13,13,drawing,0,0,0,0,1,0,0,0,0,0,0,0
2047793,2,4110,G. Carrillo,CF,Estudiantes,16.06,18.12,15.9,17.26,12,12,drawing,0,0,1,1,0,1,0,0,0,0,0,0
2047793,2,58765,T. Palacios,RW,Estudiantes,3.31,-5.63,2.85,-5.34,14,14,drawing,0,0,1,1,0,1,0,0,0,0,0,0
2047793,2,13084,S. Ascacíbar,RM,Estudiantes,7.68,1.71,6.19,-1.38,13,13,drawing,0,0,1,1,0,1,1,0,0,0,0,0
2047793,2,4110,G. Carrillo,CF,Estudiantes,-6.03,7.59,-7.08,3.96,8,8,drawing,0,0,0,0,1,0,0,0,0,0,0,0
2047793,2,13084,S. Ascacíbar,RM,Estudiantes,-10.74,-7.54,-7.26,-8.16,9,9,drawing,0,0,0,0,1,0,0,0,0,0,0,0
2047793,2,58765,T. Palacios,RW,Estudiantes,-15.17,-24.02,-11.84,-24.98,10,10,drawing,0,0,0,0,1,0,0,0,0,0,0,0
2047793,2,13084,S. Ascacíbar,RM,Estudiantes,-13.33,-15.52,-20.83,-13.1,9,9,drawing,0,0,0,0,1,0,1,0,0,0,0,0
2047793,2,38142,A. Martínez,CF,Racing Club,34.33,-7.61,32.14,-14.41,19,19,drawing,0,1,0,0,1,0,0,0,0,0,0,0
2047793,2,38142,A. Martínez,CF,Racing Club,31.27,-14.69,33.82,-15.89,19,19,drawing,0,0,0,0,1,0,1,0,0,0,0,0
2047793,2,38142,A. Martínez,CF,Racing Club,40.3,-12.63,41.74,-9.71,19,19,drawing,0,1,0,0,1,0,1,0,0,0,0,0
2047793,2,28747,E. Almendra,LM,Racing Club,-28.28,7.7,-27.39,7.56,3,3,drawing,0,0,0,0,1,0,0,0,0,0,0,0
2047793,2,28755,F. Mura,RB,Racing Club,-27.98,-3.45,-25.27,-12.55,4,9,drawing,0,1,0,0,1,0,0,0,0,0,0,0
2047793,2,25949,E. Cetré,LW,Estudiantes,33.14,29.26,44.75,29.62,16,16,drawing,0,0,1,1,0,1,0,0,0,0,0,0
2047793,2,28615,E. Piovi,DM,Estudiantes,27.22,22.33,32.69,19.38,12,17,drawing,0,1,1,1,0,1,0,0,0,0,0,0
2047793,2,58765,T. Palacios,RW,Estudiantes,20.6,-12.14,20.38,-10.34,14,14,drawing,0,0,1,1,0,1,0,0,0,0,0,0
2047793,2,13084,S. Ascacíbar,RM,Estudiantes,14.41,-17.26,15.96,-23.89,14,15,drawing,0,0,1,1,0,1,0,0,0,0,0,0
2047793,2,13084,S. Ascacíbar,RM,Estudiantes,21.2,-28.47,23.3,-28.83,15,15,drawing,0,0,1,1,0,1,1,0,0,0,0,0
2047793,2,58765,T. Palacios,RW,Estudiantes,18.57,-15.25,10.14,-22.01,14,15,drawing,0,1,1,1,0,1,0,0,0,0,0,0
2047793,2,36739,C. Medina,LM,Estudiantes,11.63,-14.65,7.89,-21.37,14,15,drawing,1,0,1,1,0,1,0,0,0,1,0,0
2047793,2,28747,E. Almendra,LM,Racing Club,-8.93,23.04,-7.77,22.9,7,7,drawing,0,0,0,0,1,0,0,0,0,0,0,0
2047793,2,35671,D. Vergara,LF,Racing Club,8.09,26.56,7.32,28.93,12,12,drawing,0,0,1,1,0,1,0,0,0,0,0,0
2047793,2,38142,A. Martínez,CF,Racing Club,11.5,15.43,11.71,20.07,12,12,drawing,0,0,1,1,0,1,0,0,0,0,0,0
2047793,2,28747,E. Almendra,LM,Racing Club,2.5,24.65,3.81,23.0,12,12,drawing,0,0,1,1,0,1,1,0,0,0,0,0
2047793,2,36728,S. Sosa,DM,Racing Club,-6.99,14.13,-1.87,11.21,7,8,drawing,0,0,1,1,0,1,0,0,0,0,0,0
2047793,2,26252,J. Nardoni,RM,Racing Club,-6.13,-13.79,-5.65,-15.5,9,9,drawing,0,0,0,0,1,0,0,0,0,0,0,0
2047793,2,28755,F. Mura,RB,Racing Club,-19.84,-23.47,-19.87,-17.26,10,9,drawing,0,0,0,0,1,0,0,0,0,0,0,0
2047793,2,36728,S. Sosa,DM,Racing Club,-19.62,-12.33,-18.33,-12.54,9,9,drawing,0,0,0,0,1,0,0,0,0,0,0,0
2047793,2,35671,D. Vergara,LF,Racing Club,-21.68,15.69,-25.67,9.62,7,3,drawing,1,0,0,0,1,0,0,0,1,1,0,0
2047793,2,58765,T. Palacios,RW,Estudiantes,24.59,-9.08,26.48,-6.01,14,14,drawing,0,1,0,0,1,0,0,0,0,0,0,0
2047793,2,26252,J. Nardoni,RM,Racing Club,-25.4,-14.61,-24.55,-13.91,4,9,drawing,0,1,0,0,1,0,0,0,0,0,0,0
2047793,2,58765,T. Palacios,RW,Estudiantes,0.1,-23.4,-0.35,-23.66,10,10,drawing,0,0,1,1,0,1,0,0,0,0,0,0
2047793,2,58765,T. Palacios,RW,Estudiantes,-2.34,-25.15,-4.34,-29.37,10,10,drawing,0,0,1,1,0,1,1,0,0,0,0,0
2047793,2,36739,C. Medina,LM,Estudiantes,2.92,-15.57,7.62,-16.15,14,14,drawing,0,0,1,1,0,1,0,0,0,0,0,0
2047793,2,131530,S. Núñez,RCB,Estudiantes,-13.19,-9.0,-26.71,-11.38,9,4,drawing,0,1,0,0,1,0,0,0,0,0,0,0
2047793,2,13084,S. Ascacíbar,RM,Estudiantes,-21.1,-13.31,-22.32,-13.51,9,9,drawing,0,1,0,0,1,0,0,0,0,0,0,0
2047793,2,38142,A. Martínez,CF,Racing Club,24.61,-10.83,19.1,-13.93,14,14,drawing,0,0,1,1,0,1,0,0,0,0,0,0
2047793,2,528888,S. Solari,RF,Racing Club,9.62,-23.77,10.65,-31.03,15,15,drawing,0,1,1,1,0,1,0,0,0,0,0,0
2047793,2,36739,C. Medina,LM,Estudiantes,10.92,2.48,15.88,-1.08,13,13,drawing,0,0,0,0,1,0,0,0,0,0,0,0
2047793,2,812900,R. Gómez,RB,Estudiantes,-27.95,-23.96,-34.72,-22.85,5,5,drawing,0,0,0,0,1,0,0,0,0,0,0,0
2047793,2,13084,S. Ascacíbar,RM,Estudiantes,-28.41,-25.3,-31.39,-22.78,5,5,drawing,0,0,0,0,1,0,0,0,0,0,0,0
2047793,2,58765,T. Palacios,RW,Estudiantes,-28.13,-22.38,-30.91,-29.27,5,5,drawing,0,0,0,0,1,0,0,0,0,0,0,0
2047793,2,812900,R. Gómez,RB,Estudiantes,-34.4,-24.88,-34.7,-26.06,5,5,drawing,0,0,0,0,1,0,1,0,0,0,0,0
2047793,2,4110,G. Carrillo,CF,Estudiantes,-11.79,-0.4,-2.93,-1.81,8,8,drawing,0,0,0,0,1,0,0,0,0,0,0,0
2047793,2,36739,C. Medina,LM,Estudiantes,7.22,18.46,4.59,22.94,12,12,drawing,0,1,0,0,1,0,0,0,0,0,0,0
2047793,2,58765,T. Palacios,RW,Estudiantes,-17.27,-24.17,-5.03,-32.31,10,10,drawing,0,0,0,0,1,0,0,0,0,0,0,0
2047793,2,812900,R. Gómez,RB,Estudiantes,-20.43,-26.51,2.61,-32.69,10,15,drawing,0,0,0,0,1,0,0,0,0,0,0,0
2047793,2,36739,C. Medina,LM,Estudiantes,0.5,6.79,2.78,8.16,8,13,drawing,0,0,1,1,0,1,0,0,0,0,0,0
2047793,2,38610,S. Arzamendia,LB,Estudiantes,-15.24,22.72,-10.32,25.5,7,7,drawing,0,0,1,1,0,1,0,0,0,0,0,0
2047793,2,28615,E. Piovi,DM,Estudiantes,-17.66,10.6,-19.46,15.09,8,7,drawing,0,0,1,1,0,1,0,0,0,0,0,0
2047793,2,34536,L. González Pírez,LCB,Estudiantes,-23.91,8.67,-26.99,13.73,8,2,drawing,0,1,0,0,1,0,0,0,0,0,0,0
2047793,2,38610,S. Arzamendia,LB,Estudiantes,-18.02,22.36,-16.93,22.2,7,7,drawing,0,0,0,0,1,0,0,0,0,0,0,0
2047793,2,28615,E. Piovi,DM,Estudiantes,-12.68,19.3,-13.57,19.78,7,7,drawing,0,0,0,0,1,0,0,0,0,0,0,0
2047793,2,28615,E. Piovi,DM,Estudiantes,-15.85,18.76,-16.7,17.88,7,7,drawing,0,1,0,0,1,0,1,0,0,0,0,0
2047793,2,38610,S. Arzamendia,LB,Estudiantes,-19.38,19.58,-19.58,19.4,7,7,drawing,1,0,0,0,1,0,1,0,0,1,0,0
2047793,2,36739,C. Medina,LM,Estudiantes,32.44,-5.77,34.7,-0.58,19,18,drawing,0,1,0,0,1,0,0,0,0,0,0,0
2047793,2,58765,T. Palacios,RW,Estudiantes,-1.65,-23.3,-1.28,-29.4,10,10,drawing,0,0,1,1,0,1,0,0,0,0,0,0
2047793,2,4110,G. Carrillo,CF,Estudiantes,9.04,-7.26,10.48,-8.2,14,14,drawing,0,0,1,1,0,1,0,0,0,0,0,0
2047793,2,58765,T. Palacios,RW,Estudiantes,-24.38,-26.85,-28.4,-32.42,10,5,drawing,0,0,0,0,1,0,0,0,0,0,0,0
2047793,2,812900,R. Gómez,RB,Estudiantes,-31.77,-27.43,-31.69,-29.58,5,5,drawing,0,0,0,0,1,0,0,0,0,0,0,0
2047793,2,812900,R. Gómez,RB,Estudiantes,-34.21,-29.69,-36.29,-24.8,5,5,drawing,0,0,0,0,1,0,1,0,0,0,0,0
2047793,2,131530,S. Núñez,RCB,Estudiantes,-37.77,-19.66,-46.64,-23.12,5,5,drawing,0,1,0,0,1,0,0,0,0,0,0,0
2047793,2,38142,A. Martínez,CF,Racing Club,14.77,4.31,14.92,8.41,13,13,drawing,0,0,1,1,0,1,0,0,0,0,0,0
2047793,2,26252,J. Nardoni,RM,Racing Club,4.88,5.3,6.69,6.31,13,13,drawing,0,0,1,1,0,1,0,0,0,0,0,0
2047793,2,28747,E. Almendra,LM,Racing Club,-12.22,14.46,-22.14,14.62,7,7,drawing,0,1,0,0,1,0,0,0,0,0,0,0
2047793,2,4110,G. Carrillo,CF,Estudiantes,28.48,-4.34,29.27,-4.2,19,19,drawing,0,0,0,0,1,0,0,0,0,0,0,0
2047793,2,58765,T. Palacios,RW,Estudiantes,20.06,-10.43,23.37,-8.06,14,14,drawing,0,1,0,0,1,0,0,0,0,0,0,0
2047793,2,38610,S. Arzamendia,LB,Estudiantes,-8.8,23.89,-6.26,31.85,7,6,drawing,0,0,0,0,1,0,0,0,0,0,0,0
2047793,2,28615,E. Piovi,DM,Estudiantes,-1.16,22.46,4.45,22.37,7,12,drawing,0,0,0,0,1,0,0,0,0,0,0,0
2047793,2,36739,C. Medina,LM,Estudiantes,11.42,20.1,9.62,21.89,12,12,drawing,0,0,0,0,1,0,0,0,0,0,0,0
2047793,2,38610,S. Arzamendia,LB,Estudiantes,-10.26,27.79,-6.19,30.83,7,6,drawing,0,0,0,0,1,0,0,0,0,0,0,0
2047793,2,25949,E. Cetré,LW,Estudiantes,-14.64,21.24,-20.94,29.52,7,6,drawing,1,0,0,0,1,0,0,0,0,1,0,0
2047793,2,28755,F. Mura,RB,Racing Club,19.68,-31.8,19.63,-32.19,15,15,drawing,0,0,0,0,1,0,0,0,0,0,0,0
2047793,2,36728,S. Sosa,DM,Racing Club,20.19,-24.83,26.15,-30.99,15,15,drawing,0,1,0,0,1,0,0,0,0,0,0,0
2047793,2,812900,R. Gómez,RB,Estudiantes,-35.02,-6.62,-40.17,-9.52,4,4,drawing,0,0,0,0,1,0,0,0,0,0,0,0
2047793,2,812900,R. Gómez,RB,Estudiantes,-39.44,-24.4,-38.53,-31.12,5,5,drawing,0,0,0,0,1,0,1,0,0,0,0,0
2047793,2,58765,T. Palacios,RW,Estudiantes,-31.46,-28.61,-27.0,-30.07,5,5,drawing,0,0,0,0,1,0,0,0,0,0,0,0
2047793,2,131530,S. Núñez,RCB,Estudiantes,-35.14,-11.26,-41.83,-27.62,4,5,drawing,0,0,0,0,1,0,0,1,0,0,0,0
2047793,2,58765,T. Palacios,RW,Estudiantes,-32.69,-30.28,-29.59,-25.05,5,5,drawing,0,0,0,0,1,0,0,0,0,0,0,0
2047793,2,13084,S. Ascacíbar,RM,Estudiantes,-33.16,-21.94,-27.75,-22.32,5,5,drawing,0,0,0,0,1,0,0,0,0,0,0,0
2047793,2,13084,S. Ascacíbar,RM,Estudiantes,-25.08,-21.85,-19.51,-20.84,10,10,drawing,0,0,0,0,1,0,1,0,0,0,0,1
2047793,2,4110,G. Carrillo,CF,Estudiantes,-12.12,-13.23,-5.48,-10.73,9,9,drawing,0,0,1,1,0,1,0,0,0,0,0,0
2047793,2,36739,C. Medina,LM,Estudiantes,-8.32,8.8,-2.18,18.17,8,7,drawing,0,1,1,1,0,1,0,0,0,0,0,0
2047793,2,28755,F. Mura,RB,Racing Club,-12.72,-27.75,-0.01,-28.63,10,10,drawing,0,0,1,1,0,1,0,0,0,0,0,1
2047793,2,528888,S. Solari,RF,Racing Club,5.2,-26.16,3.69,-28.92,15,15,drawing,0,0,1,1,0,1,0,0,0,0,0,1
2047793,2,528888,S. Solari,RF,Racing Club,5.6,-31.26,24.76,-33.27,15,15,drawing,0,0,1,1,0,1,1,0,0,0,0,0
2047793,2,4110,G. Carrillo,CF,Estudiantes,-8.77,-11.07,-5.32,-18.53,9,9,drawing,0,0,0,0,1,0,0,0,0,0,0,0
2047793,2,4110,G. Carrillo,CF,Estudiantes,-5.19,-21.52,-5.73,-23.32,10,10,drawing,0,0,0,0,1,0,1,0,0,0,0,0
2047793,2,28615,E. Piovi,DM,Estudiantes,-16.53,24.59,-14.98,26.12,7,7,drawing,1,0,0,0,1,0,0,0,0,1,0,0
2047793,2,528888,S. Solari,RF,Racing Club,13.44,-29.67,13.87,-29.29,15,15,drawing,0,0,0,0,1,0,0,0,0,0,0,0
2047793,2,26252,J. Nardoni,RM,Racing Club,12.76,-25.16,13.58,-24.36,15,15,drawing,0,0,0,0,1,0,0,0,0,0,0,0
2047793,2,38142,A. Martínez,CF,Racing Club,21.15,-19.08,20.39,-18.74,14,14,drawing,0,0,0,0,1,0,0,0,0,0,0,0
2047793,2,28677,N. Colombo,RCB,Racing Club,4.45,-24.27,6.83,-23.22,15,15,drawing,0,0,0,0,1,0,0,0,0,0,1,0
2047793,2,26252,J. Nardoni,RM,Racing Club,-6.57,-19.07,-2.57,-17.39,9,9,drawing,0,0,0,0,1,0,0,0,0,0,0,0
2047793,2,26252,J. Nardoni,RM,Racing Club,-7.8,8.94,-9.96,21.86,8,7,drawing,0,0,0,0,1,0,0,0,0,0,0,0
2047793,2,123094,A. García Basso,LCB,Racing Club,-26.14,15.22,-18.68,16.92,2,7,drawing,0,0,0,0,1,0,0,0,0,0,0,1
2047793,2,35671,D. Vergara,LF,Racing Club,-19.24,25.01,-19.84,23.4,7,7,drawing,0,0,0,0,1,0,0,0,0,0,0,0
2047793,2,28747,E. Almendra,LM,Racing Club,-13.43,7.0,-9.59,11.94,8,8,drawing,0,0,0,0,1,0,0,0,0,0,0,1
2047793,2,38142,A. Martínez,CF,Racing Club,-0.85,14.5,-0.44,14.4,7,7,drawing,0,0,0,0,1,0,0,0,0,0,0,0
2047793,2,36728,S. Sosa,DM,Racing Club,-29.98,-13.99,-31.15,-16.31,4,4,drawing,0,0,0,0,1,0,0,0,0,0,0,0
2047793,2,36739,C. Medina,LM,Estudiantes,14.25,9.82,17.26,18.3,13,12,drawing,0,1,0,0,1,0,0,0,0,0,0,0
2047793,2,123094,A. García Basso,LCB,Racing Club,-19.33,27.31,-16.85,29.22,7,6,drawing,0,1,0,0,1,0,0,0,0,0,0,0
2047793,2,13084,S. Ascacíbar,RM,Estudiantes,17.6,-23.99,18.02,-24.37,15,15,drawing,0,1,0,0,1,0,0,0,0,0,0,0
2047793,2,35671,D. Vergara,LF,Racing Club,-9.47,30.11,-5.65,26.23,6,7,drawing,0,0,0,0,1,0,0,0,0,0,0,0
2047793,2,38142,A. Martínez,CF,Racing Club,2.77,24.61,1.62,24.14,12,12,drawing,0,0,0,0,1,0,0,0,0,0,0,0
2047793,2,36728,S. Sosa,DM,Racing Club,-27.37,-9.77,-33.34,-12.43,4,4,drawing,0,1,0,0,1,0,0,0,0,0,0,0
2047793,2,947642,J. Tobio Burgos,RW,Estudiantes,13.23,-26.87,17.31,-28.28,15,15,drawing,0,0,0,0,1,0,0,0,0,0,0,1
2047793,2,947642,J. Tobio Burgos,RW,Estudiantes,-20.72,-22.5,-33.04,-28.91,10,5,drawing,0,1,0,0,1,0,0,0,0,0,0,0
2047793,2,812900,R. Gómez,RB,Estudiantes,-33.77,-25.49,-36.73,-28.49,5,5,drawing,1,0,0,0,1,0,0,0,0,1,0,0
2047793,2,36516,T. Conechny,RF,Racing Club,37.86,22.91,43.97,26.06,17,17,drawing,0,0,0,0,1,0,0,0,0,0,0,0
2047793,2,38142,A. Martínez,CF,Racing Club,26.43,-10.0,26.67,-11.93,14,14,drawing,0,0,0,0,1,0,0,0,0,0,0,0
2047793,2,26252,J. Nardoni,RM,Racing Club,-1.22,-3.27,-7.95,-19.7,9,10,drawing,0,0,1,1,0,1,0,0,0,0,0,0
2047793,2,28755,F. Mura,RB,Racing Club,-20.42,-29.03,-22.41,-30.87,10,10,drawing,0,0,0,0,1,0,0,0,0,0,0,0
2047793,2,26252,J. Nardoni,RM,Racing Club,-14.62,-28.01,-19.04,-30.87,10,10,drawing,0,0,1,1,0,1,1,0,0,0,0,0
2047793,2,28677,N. Colombo,RCB,Racing Club,-25.17,-19.44,-30.23,-23.47,10,5,drawing,0,0,0,0,1,0,0,0,0,0,0,0
2047793,2,28755,F. Mura,RB,Racing Club,-23.96,-30.38,-30.05,-25.31,10,5,drawing,0,0,0,0,1,0,1,0,0,0,0,0
2047793,2,36728,S. Sosa,DM,Racing Club,-22.96,-15.58,-26.41,-18.78,9,4,drawing,0,0,0,0,1,0,0,0,0,0,0,0
2047793,2,852686,A. Fernández,LM,Racing Club,-27.2,-14.27,-27.85,-18.53,4,4,drawing,0,0,0,0,1,0,0,0,0,0,0,0
2047793,2,26252,J. Nardoni,RM,Racing Club,-26.37,-25.71,-25.66,-24.44,5,5,drawing,0,0,0,0,1,0,1,0,0,0,0,0
2047793,2,36728,S. Sosa,DM,Racing Club,-26.55,-19.38,-25.91,-20.71,5,5,drawing,0,0,0,0,1,0,1,0,0,0,0,0
2047793,2,35671,D. Vergara,LF,Racing Club,-15.61,4.13,-21.37,14.27,8,7,drawing,0,1,0,0,1,0,0,0,0,0,0,0
2047793,2,38610,S. Arzamendia,LB,Estudiantes,-24.34,25.48,-12.66,26.31,7,7,drawing,0,0,0,0,1,0,0,0,0,0,0,0
2047793,2,947642,J. Tobio Burgos,RW,Estudiantes,-11.96,-20.91,-8.94,-22.77,10,10,drawing,0,0,0,0,1,0,0,0,0,0,0,0
2047793,2,812900,R. Gómez,RB,Estudiantes,-23.62,-27.68,-16.41,-32.05,10,10,drawing,0,0,0,0,1,0,0,0,0,0,0,0
2047793,2,13084,S. Ascacíbar,RM,Estudiantes,-24.24,-25.18,-29.75,-31.06,10,5,drawing,0,0,0,0,1,0,0,0,0,0,0,0
2047793,2,947642,J. Tobio Burgos,RW,Estudiantes,-32.96,-23.56,-33.1,-19.07,5,4,drawing,0,1,0,0,1,0,0,0,0,0,0,0
2047793,2,812900,R. Gómez,RB,Estudiantes,-28.57,-23.1,-29.44,-22.37,5,5,drawing,0,1,0,0,1,0,0,0,0,0,0,0
2047793,2,28755,F. Mura,RB,Racing Club,25.04,-0.14,25.74,1.95,13,13,drawing,0,0,0,0,1,0,0,0,0,0,0,0
2047793,2,36516,T. Conechny,RF,Racing Club,18.97,-14.4,8.75,-18.33,14,14,drawing,0,1,0,0,1,0,0,0,0,0,0,0
2047793,2,25949,E. Cetré,LW,Estudiantes,-4.38,17.65,-4.51,20.53,7,7,drawing,0,0,1,1,0,1,0,0,0,0,0,0
2047793,2,28615,E. Piovi,DM,Estudiantes,-16.45,11.14,-13.06,17.77,8,7,drawing,0,0,1,1,0,1,0,0,0,0,0,0
2047793,2,25949,E. Cetré,LW,Estudiantes,-22.53,23.06,-25.69,23.29,7,2,drawing,0,0,0,0,1,0,1,0,0,0,0,0
2047793,2,34536,L. González Pírez,LCB,Estudiantes,-35.03,10.68,-34.08,11.45,3,3,drawing,0,1,0,0,1,0,0,0,0,0,0,0
2047793,2,28755,F. Mura,RB,Racing Club,31.03,-15.38,25.29,-19.4,19,15,drawing,0,1,0,0,1,0,0,0,0,0,0,0
2047793,2,35671,D. Vergara,LF,Racing Club,20.6,-24.16,21.18,-22.51,15,15,drawing,0,0,0,0,1,0,0,0,0,0,0,0
2047793,2,36739,C. Medina,LM,Estudiantes,3.32,-6.11,3.46,-5.81,14,14,drawing,0,0,0,0,1,0,0,0,0,0,0,0
2047793,2,38142,A. Martínez,CF,Racing Club,25.83,-13.91,24.69,-13.53,14,14,drawing,0,0,0,0,1,0,0,0,0,0,0,0
2047793,2,36516,T. Conechny,RF,Racing Club,20.7,-14.91,20.76,-14.73,14,14,drawing,0,0,0,0,1,0,0,0,0,0,0,0
2047793,2,28677,N. Colombo,RCB,Racing Club,5.2,-22.39,-4.94,-4.17,15,9,drawing,0,0,1,1,0,1,0,0,0,0,0,1
2047793,2,26252,J. Nardoni,RM,Racing Club,1.25,-11.0,-2.42,-9.78,14,9,drawing,0,0,1,1,0,1,0,0,0,0,0,0
2047793,2,852686,A. Fernández,LM,Racing Club,2.79,4.58,-0.94,-3.49,13,9,drawing,0,0,1,1,0,1,0,0,0,0,0,0
2047793,2,38142,A. Martínez,CF,Racing Club,4.2,-5.64,-0.5,-7.66,14,9,drawing,0,0,1,1,0,1,0,0,0,0,0,1
2047793,2,38142,A. Martínez,CF,Racing Club,-2.92,-21.66,-1.87,-23.83,10,10,drawing,0,0,1,1,0,1,1,0,0,0,0,0
2047793,2,38142,A. Martínez,CF,Racing Club,1.31,-0.17,1.49,0.81,13,13,drawing,0,1,1,1,0,1,0,0,0,0,0,0
2047793,2,36728,S. Sosa,DM,Racing Club,-14.45,0.78,-15.6,-0.57,8,8,drawing,0,1,0,0,1,0,0,0,0,0,0,0
2047793,2,28677,N. Colombo,RCB,Racing Club,-19.86,-4.77,-18.37,-4.15,9,9,drawing,1,0,0,0,1,0,0,0,0,1,0,0
2047793,2,4110,G. Carrillo,CF,Estudiantes,19.19,3.0,19.25,3.0,13,13,drawing,0,0,0,0,1,0,0,0,0,0,0,0
2047793,2,36739,C. Medina,LM,Estudiantes,15.79,3.15,11.28,6.71,13,13,drawing,0,1,0,0,1,0,0,0,0,0,0,0
2047793,2,131530,S. Núñez,RCB,Estudiantes,-17.82,-5.24,-47.07,-6.03,9,4,drawing,0,0,0,0,1,0,0,0,0,0,0,0
2047793,2,35671,D. Vergara,LF,Racing Club,-4.26,25.86,-2.03,27.93,7,7,winning,0,0,0,0,1,0,0,0,0,0,0,0
2047793,2,38142,A. Martínez,CF,Racing Club,2.2,-6.54,-8.51,-14.51,14,9,winning,0,0,0,0,1,0,0,0,0,0,0,0
2047793,2,26252,J. Nardoni,RM,Racing Club,-8.5,-11.93,-12.28,-16.61,9,9,winning,0,0,0,0,1,0,0,0,0,0,1,0
2047793,2,26252,J. Nardoni,RM,Racing Club,-41.23,10.22,-46.16,11.14,3,3,winning,0,1,0,0,1,0,0,0,1,0,0,0
2047793,2,35671,D. Vergara,LF,Racing Club,-30.5,8.79,-5.84,29.06,3,7,winning,0,0,0,0,1,0,0,0,0,0,0,0
2047793,2,35671,D. Vergara,LF,Racing Club,1.92,29.24,0.01,30.86,11,6,winning,0,0,0,0,1,0,1,0,0,0,0,0
2047793,2,36516,T. Conechny,RF,Racing Club,-1.33,28.32,-0.38,26.43,7,7,winning,0,0,0,0,1,0,0,0,0,0,0,0
2047793,2,28755,F. Mura,RB,Racing Club,-26.48,-29.17,-25.37,-27.98,5,10,winning,0,1,0,0,1,0,0,0,0,0,0,0
2047793,2,13084,S. Ascacíbar,RM,Estudiantes,9.91,6.09,5.77,7.91,13,13,losing,0,0,0,0,1,0,0,0,0,0,0,0
2047793,2,38610,S. Arzamendia,LB,Estudiantes,-10.79,22.33,-8.09,22.84,7,7,losing,0,0,0,0,1,0,0,0,0,0,0,0
2047793,2,16289,L. Alario,CF,Estudiantes,4.94,7.97,2.16,8.8,13,13,losing,0,1,0,0,1,0,0,0,0,0,0,0
2047793,2,852686,A. Fernández,LM,Racing Club,23.93,-22.26,33.34,-20.48,15,20,winning,0,0,1,1,0,1,0,0,0,0,0,0
2047793,2,36516,T. Conechny,RF,Racing Club,31.76,-21.08,30.65,-29.32,20,20,winning,0,0,1,1,0,1,0,0,0,0,0,0
2047793,2,36728,S. Sosa,DM,Racing Club,17.63,-23.5,19.84,-25.15,15,15,winning,0,1,1,1,0,1,0,0,0,0,0,0
2047793,2,852686,A. Fernández,LM,Racing Club,29.95,-23.46,27.82,-24.26,20,20,winning,0,1,1,1,0,1,1,0,0,0,0,0
2047793,2,36728,S. Sosa,DM,Racing Club,21.18,-26.41,25.6,-28.73,15,15,winning,0,0,0,0,1,0,1,0,0,0,0,0
2047793,2,36516,T. Conechny,RF,Racing Club,26.13,-34.22,26.1,-33.91,15,15,winning,0,0,0,0,1,0,1,0,0,0,0,0
2047793,2,36728,S. Sosa,DM,Racing Club,30.19,-28.17,40.74,-25.67,20,20,winning,0,0,1,1,0,1,1,0,0,0,0,0
2047793,2,4110,G. Carrillo,CF,Estudiantes,-4.33,2.83,-8.56,1.97,8,8,losing,0,0,0,0,1,0,0,0,0,0,0,0
2047793,2,36739,C. Medina,LM,Estudiantes,-13.23,4.13,-11.47,3.8,8,8,losing,0,0,0,0,1,0,0,0,0,0,0,0
2047793,2,38610,S. Arzamendia,LB,Estudiantes,-21.55,21.83,-10.31,27.36,7,7,losing,0,0,1,1,0,1,0,0,0,0,0,0
2047793,2,13084,S. Ascacíbar,RM,Estudiantes,-11.31,20.27,-9.75,23.41,7,7,losing,0,0,1,1,0,1,0,0,0,0,0,0
2047793,2,16289,L. Alario,CF,Estudiantes,-0.6,21.06,-6.32,20.76,7,7,losing,0,0,1,1,0,1,0,0,0,0,0,0
2047793,2,13084,S. Ascacíbar,RM,Estudiantes,-8.11,24.46,-11.34,20.79,7,7,losing,0,0,1,1,0,1,1,0,0,0,0,0
2047793,2,36739,C. Medina,LM,Estudiantes,-11.5,14.67,-12.85,16.46,7,7,losing,0,0,1,1,0,1,0,0,0,0,0,0
2047793,2,38610,S. Arzamendia,LB,Estudiantes,-14.23,21.5,-14.42,19.81,7,7,losing,0,0,1,1,0,1,1,0,0,0,0,0
2047793,2,34536,L. González Pírez,LCB,Estudiantes,-23.2,18.37,-24.7,30.58,7,6,losing,0,0,0,0,1,0,0,0,0,0,1,0
2047793,2,25949,E. Cetré,LW,Estudiantes,18.53,23.65,23.27,17.69,12,12,losing,0,1,0,0,1,0,0,0,0,0,0,0
2047793,2,26252,J. Nardoni,RM,Racing Club,2.91,-12.85,-2.6,-30.82,14,10,winning,1,0,0,0,1,0,0,0,0,1,0,0
2047793,2,131530,S. Núñez,RCB,Estudiantes,-19.9,10.95,-46.08,9.41,8,3,losing,0,0,0,0,1,0,0,0,1,0,0,0
2047793,2,36679,E. Meza,RB,Estudiantes,-43.39,6.07,-47.37,8.2,3,3,losing,0,0,0,0,1,0,0,0,1,0,0,0
2047793,2,131530,S. Núñez,RCB,Estudiantes,-24.58,-23.96,-27.64,-26.27,10,5,losing,0,0,0,0,1,0,0,0,0,0,0,0
2047793,2,947642,J. Tobio Burgos,RW,Estudiantes,-23.99,-23.24,-25.24,-25.44,10,10,losing,0,0,0,0,1,0,0,0,0,0,0,0
2047793,2,5441,J. Sosa,LM,Estudiantes,-42.29,14.41,-46.67,19.69,2,2,losing,0,1,0,0,1,0,0,0,0,0,1,0
2047793,2,26252,J. Nardoni,RM,Racing Club,44.01,0.88,43.97,0.89,18,18,winning,0,0,0,0,1,0,0,0,0,0,0,0
2047793,2,852686,A. Fernández,LM,Racing Club,27.44,1.89,21.13,-10.4,18,14,winning,0,0,1,1,0,1,0,0,0,0,0,0
2047793,2,36728,S. Sosa,DM,Racing Club,29.62,-5.14,17.98,-11.81,19,14,winning,0,0,1,1,0,1,0,0,0,0,0,0
2047793,2,38992,G. Martirena,RWB,Racing Club,33.31,-20.72,28.83,-18.52,20,19,winning,0,0,1,1,0,1,0,0,0,0,0,0
2047793,2,38142,A. Martínez,CF,Racing Club,9.15,-1.05,6.26,4.41,13,13,winning,0,0,0,0,1,0,0,0,0,0,0,0
2047793,2,28677,N. Colombo,RCB,Racing Club,-43.37,-6.93,-43.05,-12.54,4,4,winning,0,1,0,0,1,0,0,0,0,0,0,0
2047793,2,36516,T. Conechny,RF,Racing Club,-24.16,-13.64,-25.37,-14.18,9,9,winning,0,0,0,0,1,0,0,0,0,0,0,0
2047793,2,26252,J. Nardoni,RM,Racing Club,-30.57,-12.01,-30.91,-13.26,4,4,winning,0,1,0,0,1,0,0,0,0,0,0,0
2047793,2,852686,A. Fernández,LM,Racing Club,-1.24,23.29,-31.6,31.44,7,1,winning,0,0,0,0,1,0,0,0,0,0,0,0
2047793,2,35564,G. Rojas,LB,Racing Club,-29.71,24.75,-33.67,28.54,2,2,winning,0,0,0,0,1,0,0,0,0,0,0,0
2047793,2,35564,G. Rojas,LB,Racing Club,-39.98,27.48,-45.85,22.48,2,2,winning,0,0,0,0,1,0,1,0,0,0,1,0
2047793,2,123094,A. García Basso,LCB,Racing Club,-42.04,13.34,-46.01,18.21,2,2,winning,0,0,0,0,1,0,0,0,0,0,0,0
2047793,2,123094,A. García Basso,LCB,Racing Club,-24.08,-1.83,-20.93,-1.35,8,8,drawing,0,0,0,0,1,0,0,0,0,0,0,0
2047793,2,35564,G. Rojas,LB,Racing Club,-24.78,12.38,-26.57,14.85,8,2,drawing,0,0,0,0,1,0,0,0,0,0,0,0
2047793,2,852686,A. Fernández,LM,Racing Club,-24.68,9.23,-24.84,11.13,8,8,drawing,0,0,0,0,1,0,0,0,0,0,0,0
2047793,2,35564,G. Rojas,LB,Racing Club,-44.75,20.8,-47.29,21.17,2,2,drawing,0,1,0,0,1,0,1,0,0,0,0,0
2047793,2,35564,G. Rojas,LB,Racing Club,-25.54,20.72,-20.17,25.27,2,7,drawing,0,1,0,0,1,0,0,0,0,0,0,0
2047793,2,38992,G. Martirena,RWB,Racing Club,-16.28,19.51,-16.13,22.51,7,7,drawing,0,1,0,0,1,0,0,0,0,0,0,0
2047793,2,5441,J. Sosa,LM,Estudiantes,4.49,-15.14,2.37,-11.73,14,14,drawing,0,1,0,0,1,0,0,0,0,0,0,0
2047793,2,38992,G. Martirena,RWB,Racing Club,4.26,-12.02,10.99,-15.16,14,14,drawing,0,0,0,0,1,0,0,0,0,0,0,0
2047793,2,36728,S. Sosa,DM,Racing Club,-15.97,-9.72,-16.2,-9.92,9,9,drawing,0,0,0,0,1,0,0,0,0,0,0,0
2047793,2,115103,F. Pardo,CB,Racing Club,-25.76,-1.1,-20.52,-3.91,3,9,drawing,0,0,0,0,1,0,0,0,0,0,1,0
2047793,2,13084,S. Ascacíbar,RM,Estudiantes,39.03,1.17,26.93,1.58,18,13,drawing,0,1,0,0,1,0,0,0,0,0,0,0
2047793,2,34536,L. González Pírez,LCB,Estudiantes,45.07,-9.49,27.87,0.85,19,18,drawing,0,1,0,0,1,0,0,0,0,0,0,0
2047793,2,35564,G. Rojas,LB,Racing Club,20.15,6.32,20.73,2.37,13,13,drawing,0,1,0,0,1,0,0,0,0,0,0,0
2047793,3,34536,L. González Pírez,LCB,Estudiantes,-30.18,3.44,-30.53,-0.87,3,3,drawing,0,0,0,0,1,0,0,0,0,0,0,0
2047793,3,13084,S. Ascacíbar,RM,Estudiantes,-27.31,2.0,-26.69,1.44,3,3,drawing,0,0,0,0,1,0,0,1,0,0,0,0
2047793,3,947642,J. Tobio Burgos,RW,Estudiantes,-22.6,-4.25,-21.97,-3.77,9,9,drawing,0,1,0,0,1,0,0,0,0,0,0,0
2047793,3,26252,J. Nardoni,RM,Racing Club,-3.51,-24.15,-6.2,-27.75,10,10,drawing,0,0,1,1,0,1,0,0,0,0,0,1
2047793,3,26252,J. Nardoni,RM,Racing Club,-1.82,-28.2,0.52,-28.55,10,10,drawing,0,0,1,1,0,1,1,0,0,0,0,0
2047793,3,28677,N. Colombo,RCB,Racing Club,-12.33,-21.61,-8.44,-23.22,10,10,drawing,0,0,1,1,0,1,0,0,0,0,0,0
2047793,3,28677,N. Colombo,RCB,Racing Club,-6.95,-25.72,-12.45,-29.84,10,10,drawing,0,0,1,1,0,1,1,0,0,0,0,0
2047793,3,38992,G. Martirena,RWB,Racing Club,-24.47,-27.83,-40.7,-22.5,10,5,drawing,0,0,0,0,1,0,0,0,0,0,1,0
2047793,3,123094,A. García Basso,LCB,Racing Club,-44.51,16.64,-43.73,20.17,2,2,drawing,0,1,0,0,1,0,0,0,0,0,0,0
2047793,3,36516,T. Conechny,RF,Racing Club,-6.18,17.03,13.74,15.84,7,12,drawing,0,0,0,0,1,0,0,0,0,0,0,0
2047793,3,38142,A. Martínez,CF,Racing Club,10.96,8.53,10.13,8.64,13,13,drawing,0,0,1,1,0,1,0,0,0,0,0,0
2047793,3,38142,A. Martínez,CF,Racing Club,12.75,-1.4,14.57,-4.99,13,14,drawing,0,1,1,1,0,1,1,0,0,0,0,0
2047793,3,16289,L. Alario,CF,Estudiantes,14.61,3.0,16.26,7.02,13,13,drawing,0,0,0,0,1,0,0,0,0,0,0,0
2047793,3,38142,A. Martínez,CF,Racing Club,7.71,7.49,8.82,8.48,13,13,drawing,0,0,1,1,0,1,0,0,0,0,0,0
2047793,3,38142,A. Martínez,CF,Racing Club,13.66,5.05,14.39,2.83,13,13,drawing,0,0,1,1,0,1,1,0,0,0,0,0
2047793,3,38992,G. Martirena,RWB,Racing Club,-11.01,-30.12,-2.91,-32.23,10,10,drawing,0,0,1,1,0,1,0,0,0,0,0,1
2047793,3,26252,J. Nardoni,RM,Racing Club,-0.05,-28.01,-0.54,-29.1,10,10,drawing,0,0,0,0,1,0,0,0,0,0,0,0
2047793,3,26252,J. Nardoni,RM,Racing Club,6.97,-29.34,9.44,-28.62,15,15,drawing,0,0,1,1,0,1,1,0,0,0,0,0
2047793,3,852686,A. Fernández,LM,Racing Club,-5.06,-1.94,-5.57,-0.3,8,8,drawing,0,0,1,1,0,1,0,0,0,0,0,0
2047793,3,123094,A. García Basso,LCB,Racing Club,-16.09,-0.05,-15.92,1.13,8,8,drawing,0,0,0,0,1,0,0,0,0,0,0,0
2047793,3,36728,S. Sosa,DM,Racing Club,-3.93,-9.49,-12.87,-11.7,9,9,drawing,0,0,1,1,0,1,0,0,0,0,0,0
2047793,3,38992,G. Martirena,RWB,Racing Club,-29.15,-24.73,-33.07,-21.17,5,5,drawing,0,0,0,0,1,0,0,0,0,0,0,0
2047793,3,36728,S. Sosa,DM,Racing Club,-29.08,-17.17,-29.86,-19.28,4,4,drawing,0,0,0,0,1,0,1,0,0,0,0,0
2047793,3,16289,L. Alario,CF,Estudiantes,13.79,7.82,16.73,12.38,13,13,drawing,0,0,0,0,1,0,0,0,0,0,0,0
2047793,3,26252,J. Nardoni,RM,Racing Club,16.41,-24.03,15.81,-28.06,15,15,drawing,0,0,1,1,0,1,0,0,0,0,0,0
2047793,3,36728,S. Sosa,DM,Racing Club,2.25,-18.16,5.12,-27.13,14,15,drawing,0,0,1,1,0,1,0,0,0,0,0,1
2047793,3,36516,T. Conechny,RF,Racing Club,10.16,7.21,11.25,12.61,13,13,drawing,0,0,0,0,1,0,0,0,0,0,0,0
2047793,3,115103,F. Pardo,CB,Racing Club,-22.62,6.62,-14.22,6.67,8,8,drawing,0,0,0,0,1,0,0,0,0,0,0,0
2047793,3,5441,J. Sosa,LM,Estudiantes,22.66,-17.25,25.96,-21.83,14,15,drawing,0,0,0,0,1,0,0,0,0,0,0,0
2047793,3,131530,S. Núñez,RCB,Estudiantes,2.23,-19.3,7.82,-29.43,14,15,drawing,0,1,0,0,1,0,0,0,0,0,0,0
2047793,3,5441,J. Sosa,LM,Estudiantes,16.59,-27.34,14.99,-27.95,15,15,drawing,0,1,0,0,1,0,1,0,0,0,0,0
2047793,3,38142,A. Martínez,CF,Racing Club,8.3,15.13,7.51,17.4,12,12,drawing,0,1,0,0,1,0,0,0,0,0,0,0
2047793,3,34536,L. González Pírez,LCB,Estudiantes,-9.25,-20.38,-14.06,-19.75,10,10,drawing,0,0,0,0,1,0,0,0,0,0,0,1
2047793,3,25949,E. Cetré,LW,Estudiantes,-7.44,17.03,-38.61,21.07,7,2,drawing,0,1,0,0,1,0,0,0,0,0,0,0
2047793,3,947642,J. Tobio Burgos,RW,Estudiantes,-25.89,8.24,-35.56,19.57,3,2,drawing,0,1,0,0,1,0,0,1,0,0,0,0
2047793,3,36516,T. Conechny,RF,Racing Club,45.04,11.96,45.68,15.13,18,17,drawing,0,0,1,1,0,1,0,0,0,0,0,0
2047793,3,38142,A. Martínez,CF,Racing Club,39.69,15.97,39.84,25.18,17,17,drawing,0,0,1,1,0,1,0,0,0,0,0,0
2047793,3,36516,T. Conechny,RF,Racing Club,45.14,21.17,44.19,24.12,17,17,drawing,0,0,1,1,0,1,1,0,0,0,0,0
2047793,3,852686,A. Fernández,LM,Racing Club,27.59,26.82,21.05,29.36,17,11,drawing,0,1,1,1,0,1,0,0,0,0,0,0
2047793,3,28677,N. Colombo,RCB,Racing Club,12.75,12.09,17.62,13.08,13,12,drawing,0,0,0,0,1,0,0,0,0,0,0,0
2047793,3,115103,F. Pardo,CB,Racing Club,-24.89,-5.88,-24.6,-15.33,9,9,drawing,0,0,0,0,1,0,0,0,0,0,0,0
2047793,3,26252,J. Nardoni,RM,Racing Club,-14.37,-24.01,-15.87,-24.37,10,10,drawing,0,0,0,0,1,0,0,0,0,0,0,0
2047793,3,36728,S. Sosa,DM,Racing Club,-17.74,-13.63,-15.37,-12.06,9,9,drawing,0,0,0,0,1,0,0,0,0,0,0,0
2047793,3,852686,A. Fernández,LM,Racing Club,-17.01,-3.28,-14.85,-4.64,9,9,drawing,0,0,0,0,1,0,0,0,0,0,0,0
2047793,3,26252,J. Nardoni,RM,Racing Club,-28.02,-19.75,-28.89,-20.54,5,5,drawing,0,0,0,0,1,0,0,0,0,0,0,0
2047793,3,16289,L. Alario,CF,Estudiantes,11.63,-13.9,16.9,-15.57,14,14,drawing,0,0,0,0,1,0,0,0,0,0,0,1
2047793,3,13084,S. Ascacíbar,RM,Estudiantes,-25.88,-9.7,-26.01,-0.41,4,3,drawing,0,0,0,0,1,0,0,0,0,0,1,0
2047793,3,26252,J. Nardoni,RM,Racing Club,23.49,-19.95,23.97,-26.09,15,15,drawing,0,1,0,0,1,0,0,0,0,0,0,0
2047793,3,16289,L. Alario,CF,Estudiantes,18.75,10.86,31.49,12.56,13,18,drawing,0,0,0,0,1,0,0,0,0,0,0,0
2047793,3,26252,J. Nardoni,RM,Racing Club,-27.12,-23.37,-29.7,-23.33,5,5,drawing,0,1,0,0,1,0,0,0,0,0,0,0
2047793,3,26252,J. Nardoni,RM,Racing Club,-10.5,-20.13,-9.96,-20.31,10,10,drawing,0,0,1,1,0,1,0,0,0,0,0,0
2047793,3,26252,J. Nardoni,RM,Racing Club,-9.44,-20.47,-7.32,-22.14,10,10,drawing,0,0,1,1,0,1,1,0,0,0,0,0
2047793,3,38142,A. Martínez,CF,Racing Club,-0.04,-19.57,-0.88,-21.35,10,10,drawing,0,0,1,1,0,1,0,0,0,0,0,0
2047793,3,26252,J. Nardoni,RM,Racing Club,-13.44,-25.15,-23.35,-26.34,10,10,drawing,0,1,0,0,1,0,1,0,0,0,0,0
2047793,3,35612,G. Benedetti,LB,Estudiantes,22.6,16.28,20.49,12.91,12,13,drawing,0,0,0,0,1,0,0,0,0,0,0,0
2047793,3,34536,L. González Pírez,LCB,Estudiantes,-8.33,-9.63,-11.46,-31.2,9,10,drawing,0,0,0,0,1,0,0,0,0,0,0,0
2047793,3,5441,J. Sosa,LM,Estudiantes,-9.9,9.02,-12.5,5.8,8,8,drawing,1,0,0,0,1,0,0,0,0,1,0,0
2047793,3,852686,A. Fernández,LM,Racing Club,12.24,-5.46,13.36,-4.41,14,14,drawing,0,0,0,0,1,0,0,0,0,0,0,0
2047793,3,852686,A. Fernández,LM,Racing Club,15.22,-1.27,15.89,1.04,13,13,drawing,0,0,0,0,1,0,1,0,0,0,0,0
2047793,3,38142,A. Martínez,CF,Racing Club,25.01,-2.12,18.07,-4.52,13,14,drawing,0,0,0,0,1,0,0,0,0,0,0,0
2047793,3,28677,N. Colombo,RCB,Racing Club,-11.98,-20.89,-29.27,-7.9,10,4,drawing,0,1,0,0,1,0,0,0,0,0,1,0
2047793,3,36728,S. Sosa,DM,Racing Club,-26.04,-10.37,-31.1,-5.79,4,4,drawing,0,0,0,0,1,0,0,0,0,0,0,0
2047793,3,569404,F. Rodríguez,LCB,Estudiantes,5.63,5.43,11.66,7.9,13,13,drawing,0,0,0,0,1,0,0,0,0,0,0,0
2047793,3,13084,S. Ascacíbar,RM,Estudiantes,17.58,2.3,11.33,5.99,13,13,drawing,0,0,0,0,1,0,0,0,0,0,0,0
2047793,3,947642,J. Tobio Burgos,RW,Estudiantes,-19.32,-7.9,-24.28,-9.76,9,9,drawing,0,1,0,0,1,0,0,0,0,0,1,0
2047793,3,26252,J. Nardoni,RM,Racing Club,16.78,-4.15,16.16,0.59,14,13,drawing,0,0,1,1,0,1,0,0,0,0,0,0
2047793,3,36516,T. Conechny,RF,Racing Club,2.83,23.24,2.15,25.24,12,12,drawing,0,0,1,1,0,1,0,0,0,0,0,0
2047793,3,123094,A. García Basso,LCB,Racing Club,-17.29,10.31,-12.14,15.94,8,7,drawing,0,0,1,1,0,1,0,0,0,0,0,1
2047793,3,852686,A. Fernández,LM,Racing Club,-5.49,16.81,-7.91,16.67,7,7,drawing,0,0,1,1,0,1,0,0,0,0,0,0
2047793,3,38992,G. Martirena,RWB,Racing Club,-24.26,-21.91,-41.93,-18.87,10,4,drawing,0,0,0,0,1,0,0,0,0,0,1,0
2047793,3,115103,F. Pardo,CB,Racing Club,-44.25,-4.62,-46.11,-5.45,4,4,drawing,0,0,0,0,1,0,0,0,0,0,0,0
2047793,3,5441,J. Sosa,LM,Estudiantes,4.14,-16.2,5.15,-19.09,14,14,drawing,0,0,1,1,0,1,0,0,0,0,0,0
2047793,3,5441,J. Sosa,LM,Estudiantes,4.98,-23.02,4.05,-26.57,15,15,drawing,0,0,1,1,0,1,1,0,0,0,0,0
2047793,3,36679,E. Meza,RB,Estudiantes,-4.66,-27.46,-3.4,-29.06,10,10,drawing,0,0,1,1,0,1,0,0,0,0,0,0
2047793,3,16289,L. Alario,CF,Estudiantes,0.91,-11.42,0.65,-15.93,9,9,drawing,0,0,1,1,0,1,0,0,0,0,0,0
2047793,3,13084,S. Ascacíbar,RM,Estudiantes,-10.97,-24.45,-13.6,-29.59,10,10,drawing,0,0,1,1,0,1,0,0,0,0,0,0
2047793,3,36679,E. Meza,RB,Estudiantes,-7.16,-28.09,-11.97,-28.36,10,10,drawing,0,0,1,1,0,1,1,0,0,0,0,0
2047793,3,36679,E. Meza,RB,Estudiantes,-13.28,-28.46,-37.49,-32.49,10,5,drawing,0,0,0,0,1,0,1,0,0,0,0,0
2047793,3,13084,S. Ascacíbar,RM,Estudiantes,-34.69,-24.95,-29.69,-28.41,5,5,drawing,0,0,0,0,1,0,0,0,0,0,0,0
2047793,3,34536,L. González Pírez,LCB,Estudiantes,-40.13,-14.58,-49.79,-18.56,4,4,drawing,1,0,0,0,1,0,0,1,0,1,0,0
2047793,3,5441,J. Sosa,LM,Estudiantes,-35.15,-28.74,-25.3,-31.13,5,10,drawing,0,0,0,0,1,0,0,0,0,0,0,1
2047793,3,5441,J. Sosa,LM,Estudiantes,-24.13,-31.13,-4.24,-28.33,10,10,drawing,0,0,0,0,1,0,1,0,0,0,0,1
2047793,3,5441,J. Sosa,LM,Estudiantes,13.77,-12.5,16.67,-11.76,14,14,drawing,0,0,0,0,1,0,0,0,0,0,0,0
2047793,3,1535,B. Zuculini,LM,Racing Club,12.74,-13.45,13.96,-15.03,14,14,drawing,0,0,0,0,1,0,0,0,0,0,0,0
2047793,3,28677,N. Colombo,RCB,Racing Club,5.17,-24.71,-3.07,-31.38,15,10,drawing,1,0,0,0,1,0,0,0,0,1,0,0
2047793,3,25949,E. Cetré,LW,Estudiantes,2.48,32.42,14.37,30.24,11,11,drawing,0,0,0,0,1,0,0,0,0,0,0,1
2047793,3,35612,G. Benedetti,LB,Estudiantes,-29.09,18.57,-24.87,15.3,2,7,drawing,0,0,0,0,1,0,0,0,0,0,0,0
2047793,3,947642,J. Tobio Burgos,RW,Estudiantes,-31.48,14.53,-33.14,18.65,2,2,drawing,0,0,0,0,1,0,0,0,0,0,0,0
2047793,3,13084,S. Ascacíbar,RM,Estudiantes,-41.31,0.38,-40.42,-1.04,3,3,drawing,0,1,0,0,1,0,0,0,0,0,1,0
2047793,3,34536,L. González Pírez,LCB,Estudiantes,-40.9,-3.55,-39.37,-2.68,4,3,drawing,0,1,0,0,1,0,0,0,0,0,1,0
2047793,3,36516,T. Conechny,RF,Racing Club,38.45,-15.88,45.26,-10.76,19,19,drawing,0,0,0,0,1,0,0,0,0,0,0,0
2047793,3,38142,A. Martínez,CF,Racing Club,38.52,-7.56,34.79,-8.68,19,19,drawing,0,1,0,0,1,0,0,0,0,0,0,0
2047793,3,4110,G. Carrillo,CF,Estudiantes,-1.83,1.71,-0.08,-0.42,8,8,drawing,0,1,0,0,1,0,0,0,0,0,0,0
2047793,3,35612,G. Benedetti,LB,Estudiantes,-20.5,20.37,-20.22,20.57,7,7,drawing,0,0,0,0,1,0,0,0,0,0,0,0
2047793,3,947642,J. Tobio Burgos,RW,Estudiantes,-27.18,14.73,-30.54,26.98,2,2,drawing,0,0,0,0,1,0,0,0,0,0,0,0
2047793,3,16289,L. Alario,CF,Estudiantes,-22.07,15.58,-26.66,17.59,7,2,drawing,0,1,0,0,1,0,0,0,0,0,0,0
2047793,3,36516,T. Conechny,RF,Racing Club,33.45,4.32,38.84,13.39,18,17,drawing,0,0,0,0,1,0,0,0,0,0,0,0
2047793,3,16289,L. Alario,CF,Estudiantes,-15.05,5.93,-17.88,13.04,8,7,drawing,0,0,0,0,1,0,0,0,0,0,1,0
2047793,3,38142,A. Martínez,CF,Racing Club,16.58,-8.69,13.42,-13.22,14,14,drawing,0,1,0,0,1,0,0,0,0,0,0,0
2047793,3,947642,J. Tobio Burgos,RW,Estudiantes,5.17,22.7,7.73,23.16,12,12,drawing,0,0,0,0,1,0,0,0,0,0,0,0
2047793,3,947642,J. Tobio Burgos,RW,Estudiantes,6.9,20.97,8.6,21.46,12,12,drawing,0,1,0,0,1,0,0,0,0,0,0,0
2047793,3,16289,L. Alario,CF,Estudiantes,11.06,-8.99,20.66,-4.47,14,14,drawing,0,0,0,0,1,0,0,0,0,0,0,0
2047793,3,16289,L. Alario,CF,Estudiantes,32.27,-1.55,32.82,-1.44,18,18,drawing,0,1,0,0,1,0,1,0,0,0,0,0
2047793,3,947642,J. Tobio Burgos,RW,Estudiantes,0.23,19.77,1.07,23.34,7,12,drawing,0,1,0,0,1,0,0,0,0,0,0,0
2047793,3,1535,B. Zuculini,LM,Racing Club,21.97,-24.73,25.35,-23.89,15,15,drawing,0,0,0,0,1,0,0,0,0,0,0,0
2047793,3,36516,T. Conechny,RF,Racing Club,30.39,-16.3,27.85,-16.64,19,19,drawing,0,1,0,0,1,0,0,0,0,0,0,0
2047793,3,13084,S. Ascacíbar,RM,Estudiantes,-18.91,24.15,-16.29,26.6,7,7,drawing,0,1,0,0,1,0,0,0,0,0,0,0
2047793,4,16289,L. Alario,CF,Estudiantes,-0.06,19.53,-13.75,24.64,7,7,drawing,0,0,0,0,1,0,0,0,0,0,1,0
2047793,4,947642,J. Tobio Burgos,RW,Estudiantes,-25.46,-6.67,-14.97,-12.32,4,9,drawing,0,0,0,0,1,0,0,0,0,0,0,1
2047793,4,16289,L. Alario,CF,Estudiantes,-18.74,-16.2,-21.75,-20.68,9,10,drawing,0,1,0,0,1,0,0,0,0,0,0,0
2047793,4,36516,T. Conechny,RF,Racing Club,-2.94,-5.76,-2.08,2.77,9,8,drawing,0,1,0,0,1,0,0,0,0,0,0,0
2047793,4,36728,S. Sosa,DM,Racing Club,-10.53,4.0,-10.34,4.31,8,8,drawing,1,0,0,0,1,0,0,0,0,1,0,0
2047793,4,569404,F. Rodríguez,LCB,Estudiantes,6.61,-4.23,7.43,-5.03,14,14,drawing,0,1,0,0,1,0,0,0,0,0,0,0
2047793,4,1535,B. Zuculini,LM,Racing Club,-0.99,-3.63,10.03,-7.8,9,14,drawing,0,0,1,1,0,1,0,0,0,0,0,0
2047793,4,1535,B. Zuculini,LM,Racing Club,2.41,-23.73,-1.21,-29.66,15,10,drawing,0,1,1,1,0,1,1,0,0,0,0,0
2047793,4,1535,B. Zuculini,LM,Racing Club,-29.77,-30.39,-20.98,-25.39,5,10,drawing,0,0,0,0,1,0,0,0,0,0,0,0
2047793,4,38142,A. Martínez,CF,Racing Club,-0.43,5.93,1.16,4.86,8,13,drawing,0,0,0,0,1,0,0,0,0,0,0,0
2047793,4,852686,A. Fernández,LM,Racing Club,-3.76,23.0,-3.77,24.46,7,7,drawing,0,0,0,0,1,0,0,0,0,0,0,0
2047793,4,35564,G. Rojas,LB,Racing Club,-20.44,28.98,-13.47,31.73,7,6,drawing,0,0,0,0,1,0,0,0,0,0,0,0
2047793,4,852686,A. Fernández,LM,Racing Club,-7.48,29.55,-2.22,30.19,6,6,drawing,0,0,0,0,1,0,1,0,0,0,0,0
2047793,4,38142,A. Martínez,CF,Racing Club,33.3,20.74,36.5,18.39,17,17,drawing,0,0,0,0,1,0,0,0,0,0,0,0
2047793,4,1535,B. Zuculini,LM,Racing Club,4.83,3.19,11.56,4.49,13,13,drawing,0,0,1,1,0,1,0,0,0,0,0,0
2047793,4,1535,B. Zuculini,LM,Racing Club,16.67,7.2,23.65,19.07,13,12,drawing,0,1,1,1,0,1,1,0,0,0,0,0
2047793,4,5441,J. Sosa,LM,Estudiantes,0.39,-21.59,5.92,-20.62,10,15,drawing,0,0,0,0,1,0,0,0,0,0,0,0
2047793,4,16289,L. Alario,CF,Estudiantes,9.86,-12.21,9.96,-13.48,14,14,drawing,0,0,0,0,1,0,0,0,0,0,0,0
2047793,4,16289,L. Alario,CF,Estudiantes,10.85,-15.27,18.3,-18.99,14,14,drawing,0,1,0,0,1,0,1,0,0,0,0,0
2047793,4,38142,A. Martínez,CF,Racing Club,17.85,20.93,18.38,22.87,12,12,drawing,0,0,0,0,1,0,0,0,0,0,0,0
2047793,4,38142,A. Martínez,CF,Racing Club,18.55,24.3,13.9,30.29,12,11,drawing,0,1,0,0,1,0,1,0,0,0,0,0
2047793,4,852686,A. Fernández,LM,Racing Club,5.85,28.39,6.41,28.83,12,12,drawing,0,1,0,0,1,0,0,0,0,0,0,0
2047793,4,16289,L. Alario,CF,Estudiantes,27.13,-23.77,31.57,-27.79,15,20,drawing,0,0,1,1,0,1,0,0,0,0,0,0
2047793,4,16289,L. Alario,CF,Estudiantes,40.31,-14.31,42.15,-6.37,19,19,drawing,0,1,1,1,0,1,1,0,0,0,0,0
2047793,4,13084,S. Ascacíbar,RM,Estudiantes,-4.3,8.72,-4.92,8.24,8,8,drawing,0,1,0,0,1,0,0,0,0,0,0,0
2047793,4,36516,T. Conechny,RF,Racing Club,13.4,-14.37,19.59,-10.33,14,14,drawing,0,0,0,0,1,0,0,0,0,0,0,0
2047793,4,38142,A. Martínez,CF,Racing Club,30.2,20.83,29.24,21.16,17,17,drawing,0,0,1,1,0,1,0,0,0,0,0,0
2047793,4,852686,A. Fernández,LM,Racing Club,19.74,24.32,20.6,24.8,12,12,drawing,0,0,1,1,0,1,0,0,0,0,0,0
2047793,4,123094,A. García Basso,LCB,Racing Club,-6.82,11.4,-0.67,12.47,8,8,drawing,0,0,1,1,0,1,0,0,0,0,0,0
2047793,4,36516,T. Conechny,RF,Racing Club,10.62,-17.94,5.48,-11.99,14,14,drawing,0,0,0,0,1,0,0,0,0,0,0,0
2047793,4,1535,B. Zuculini,LM,Racing Club,-5.22,-11.75,-0.9,-16.45,9,9,drawing,0,0,0,0,1,0,0,0,0,0,0,0
2047793,4,852686,A. Fernández,LM,Racing Club,-9.99,13.56,-19.32,21.38,7,7,drawing,0,0,0,0,1,0,0,0,0,0,0,0
2047793,4,35564,G. Rojas,LB,Racing Club,-26.74,28.96,-24.55,29.74,2,6,drawing,0,0,0,0,1,0,0,0,0,0,0,0
2047793,4,852686,A. Fernández,LM,Racing Club,-26.73,23.01,-43.33,20.2,2,2,drawing,0,0,0,0,1,0,1,0,0,0,0,0
2047793,4,123094,A. García Basso,LCB,Racing Club,-43.4,5.33,-48.52,13.25,3,2,drawing,0,1,0,0,1,0,0,1,1,0,0,0
2047793,4,852686,A. Fernández,LM,Racing Club,-48.04,16.82,-47.58,17.09,2,2,drawing,0,1,0,0,1,0,1,1,0,0,0,0
2047793,4,852686,A. Fernández,LM,Racing Club,-48.69,-8.64,-48.22,-15.02,4,4,drawing,1,0,0,0,1,0,0,0,0,1,0,0
2047793,4,35612,G. Benedetti,LB,Estudiantes,13.64,25.7,12.66,28.38,12,12,drawing,0,0,0,0,1,0,0,0,0,0,1,0
2047793,4,16289,L. Alario,CF,Estudiantes,-14.21,-8.83,-10.03,-10.23,9,9,drawing,0,0,0,0,1,0,0,0,0,0,0,0
2047793,4,947642,J. Tobio Burgos,RW,Estudiantes,-26.27,21.56,-29.37,21.96,2,2,drawing,0,0,0,0,1,0,0,0,0,0,0,0
2047793,4,5441,J. Sosa,LM,Estudiantes,-31.62,-3.62,-31.06,0.73,4,3,drawing,0,1,0,0,1,0,0,0,0,0,0,0
2047793,4,28677,N. Colombo,RCB,Racing Club,16.68,-21.07,18.12,-21.16,15,15,drawing,0,1,0,0,1,0,0,0,0,0,0,0
2047793,4,13084,S. Ascacíbar,RM,Estudiantes,-23.02,13.85,-20.2,16.89,7,7,drawing,0,0,0,0,1,0,0,0,0,0,0,0
2047793,4,35612,G. Benedetti,LB,Estudiantes,-35.19,25.88,-40.71,28.17,2,2,drawing,0,1,0,0,1,0,0,0,1,0,0,0
2047793,4,35612,G. Benedetti,LB,Estudiantes,-41.97,28.37,-43.98,27.02,2,2,drawing,0,1,0,0,1,0,1,0,0,0,0,0
2047793,4,947642,J. Tobio Burgos,RW,Estudiantes,-40.45,23.16,-42.63,27.51,2,2,drawing,0,1,0,0,1,0,0,0,0,0,0,0
2047793,4,852686,A. Fernández,LM,Racing Club,-8.57,-3.09,-8.06,7.25,8,8,drawing,0,0,1,1,0,1,0,0,0,0,0,0
2047793,4,38142,A. Martínez,CF,Racing Club,-2.41,12.8,-5.14,17.85,8,7,drawing,0,0,1,1,0,1,0,0,0,0,0,0
2047793,4,852686,A. Fernández,LM,Racing Club,-12.7,21.33,-12.43,31.34,7,6,drawing,0,1,0,0,1,0,1,0,0,0,0,0
2047793,4,36728,S. Sosa,DM,Racing Club,-13.98,25.71,-16.69,30.6,7,6,drawing,0,0,0,0,1,0,0,0,0,0,0,0
2047793,4,1535,B. Zuculini,LM,Racing Club,-11.55,17.85,-6.35,18.23,7,7,drawing,0,0,1,1,0,1,0,0,0,0,0,0
2047793,4,38142,A. Martínez,CF,Racing Club,0.1,23.66,14.03,24.86,7,12,drawing,0,0,1,1,0,1,0,0,0,0,0,0
2047793,4,38142,A. Martínez,CF,Racing Club,27.07,13.42,27.66,12.18,12,18,drawing,0,0,1,1,0,1,1,0,0,0,0,0
2047793,4,36516,T. Conechny,RF,Racing Club,17.09,-22.78,16.85,-26.95,15,15,drawing,0,0,1,1,0,1,0,0,0,0,0,0
2047793,4,1535,B. Zuculini,LM,Racing Club,1.49,9.08,6.65,11.73,13,13,drawing,0,0,1,1,0,1,0,0,0,0,0,0
2047793,4,852686,A. Fernández,LM,Racing Club,1.28,26.65,5.56,31.14,12,11,drawing,0,1,1,1,0,1,0,0,0,0,0,0
2047793,4,36679,E. Meza,RB,Estudiantes,10.89,-12.64,6.62,-11.9,14,14,drawing,0,0,0,0,1,0,0,0,0,0,0,0
2047793,4,16289,L. Alario,CF,Estudiantes,10.0,-7.36,2.63,-7.24,14,14,drawing,0,0,0,0,1,0,0,0,0,0,0,0
2047793,4,35612,G. Benedetti,LB,Estudiantes,-31.51,21.57,-30.85,27.04,2,2,drawing,0,0,0,0,1,0,0,0,0,0,0,0
2047793,4,947642,J. Tobio Burgos,RW,Estudiantes,-31.67,20.46,-31.84,22.12,2,2,drawing,0,0,0,0,1,0,0,0,0,0,0,0
2047793,4,947642,J. Tobio Burgos,RW,Estudiantes,-31.39,1.49,-30.41,6.32,3,3,drawing,0,0,0,0,1,0,0,0,0,0,0,0
2047793,4,35612,G. Benedetti,LB,Estudiantes,-34.58,6.48,-32.34,8.36,3,3,drawing,0,0,0,0,1,0,0,0,0,0,0,0
2047793,4,16289,L. Alario,CF,Estudiantes,-20.97,-15.33,-20.54,-16.74,9,9,drawing,0,0,0,0,1,0,0,0,0,0,0,0
2047793,4,25949,E. Cetré,LW,Estudiantes,-32.53,-26.49,-36.76,-31.0,5,5,drawing,0,1,0,0,1,0,0,0,0,0,0,0
2047793,4,947642,J. Tobio Burgos,RW,Estudiantes,-33.76,24.63,-41.26,25.87,2,2,drawing,0,1,0,0,1,0,0,0,0,0,0,0
2047793,4,38142,A. Martínez,CF,Racing Club,25.71,20.3,22.09,28.78,12,12,drawing,0,1,0,0,1,0,0,0,0,0,0,0
2047793,4,5441,J. Sosa,LM,Estudiantes,13.6,-24.33,15.05,-28.88,15,15,drawing,0,0,0,0,1,0,0,0,0,0,0,0
2047793,4,123094,A. García Basso,LCB,Racing Club,-31.66,16.93,-43.68,19.06,2,2,drawing,0,0,1,1,0,1,0,0,0,0,0,0
2047793,4,115103,F. Pardo,CB,Racing Club,-40.45,6.32,-42.78,7.96,3,3,drawing,1,0,1,1,0,1,0,0,0,1,0,0
2047793,4,36679,E. Meza,RB,Estudiantes,41.64,-9.53,43.42,-8.16,19,19,drawing,0,1,0,0,1,0,0,0,0,0,0,0
2047793,4,35612,G. Benedetti,LB,Estudiantes,16.0,-5.49,17.85,-5.62,14,14,drawing,0,0,0,0,1,0,0,0,0,0,0,0
2047793,4,16289,L. Alario,CF,Estudiantes,20.99,-10.87,18.67,-11.39,14,14,drawing,0,0,1,1,0,1,0,0,0,0,0,0
2047793,4,16289,L. Alario,CF,Estudiantes,11.17,-15.32,6.77,-21.4,14,15,drawing,0,0,1,1,0,1,1,0,0,0,0,0
2047793,4,16289,L. Alario,CF,Estudiantes,4.55,-24.44,-0.41,-33.76,15,10,drawing,0,0,1,1,0,1,1,0,0,0,1,0
2047793,4,5441,J. Sosa,LM,Estudiantes,-10.94,16.47,-16.87,23.8,7,7,drawing,0,0,0,0,1,0,0,0,0,0,0,0
2047793,4,5441,J. Sosa,LM,Estudiantes,-18.27,25.42,-15.29,26.28,7,7,drawing,0,0,0,0,1,0,1,0,0,0,0,1
2047793,4,38142,A. Martínez,CF,Racing Club,13.06,14.91,8.94,20.06,12,12,drawing,0,0,1,1,0,1,0,0,0,0,0,0
2047793,4,38142,A. Martínez,CF,Racing Club,8.87,24.85,8.68,27.59,12,12,drawing,0,0,1,1,0,1,1,0,0,0,0,0
2047793,4,852686,A. Fernández,LM,Racing Club,-15.99,-24.16,-15.56,-25.62,10,10,drawing,0,0,0,0,1,0,0,0,0,0,0,0
2047793,4,36516,T. Conechny,RF,Racing Club,-2.05,-14.75,0.18,-12.28,9,9,drawing,0,0,0,0,1,0,0,0,0,0,0,0
2047793,4,1535,B. Zuculini,LM,Racing Club,-12.31,9.87,-3.03,14.88,8,7,drawing,0,0,0,0,1,0,0,0,0,0,0,0
2047793,4,852686,A. Fernández,LM,Racing Club,-25.19,-22.84,-25.76,-23.63,10,5,drawing,0,1,0,0,1,0,0,0,0,0,0,0
2047793,4,5441,J. Sosa,LM,Estudiantes,12.52,12.46,21.18,18.38,13,12,drawing,0,0,0,0,1,0,0,0,0,0,0,0
2047793,4,947642,J. Tobio Burgos,RW,Estudiantes,23.55,23.12,21.63,21.92,12,12,drawing,0,0,0,0,1,0,0,0,0,0,0,0
2047793,4,35612,G. Benedetti,LB,Estudiantes,11.56,20.3,-7.98,25.08,12,7,drawing,0,0,0,0,1,0,0,0,0,0,1,0
2047793,4,5441,J. Sosa,LM,Estudiantes,-31.94,-21.66,-29.6,-25.17,5,5,drawing,0,0,0,0,1,0,0,0,0,0,0,0
2047793,4,16289,L. Alario,CF,Estudiantes,-32.62,-11.12,-28.26,-13.64,4,4,drawing,0,0,0,0,1,0,0,0,0,0,0,0
